https://skeb.jp/@Shiki_Meg/works/34, 500
https://skeb.jp/@tanishi_0/works/42, 500
https://skeb.jp/@68taa/works/30, 700
https://skeb.jp/@68taa/works/16, 700
https://skeb.jp/@88sabumau88nii/works/19, 800
https://skeb.jp/@satinasi/works/11, 850
https://skeb.jp/@gbc_adp/works/41, 900
https://skeb.jp/@uni_nuko__/works/231, 999
https://skeb.jp/@2237_84/works/41, 1000
https://skeb.jp/@BLACKGHOST1223/works/26, 1000
https://skeb.jp/@BLACKGHOST1223/works/17, 1000
https://skeb.jp/@BLACKGHOST1223/works/15, 1000
https://skeb.jp/@BLACKGHOST1223/works/13, 1000
https://skeb.jp/@itoma_yuko/works/22, 1000
https://skeb.jp/@itoma_yuko/works/21, 1000
https://skeb.jp/@itoma_yuko/works/19, 1000
https://skeb.jp/@itoma_yuko/works/18, 1000
https://skeb.jp/@itoma_yuko/works/15, 1000
https://skeb.jp/@itoma_yuko/works/12, 1000
https://skeb.jp/@itoma_yuko/works/9, 1000
https://skeb.jp/@itoma_yuko/works/8, 1000
https://skeb.jp/@itoma_yuko/works/6, 1000
https://skeb.jp/@itoma_yuko/works/4, 1000
https://skeb.jp/@itoma_yuko/works/3, 1000
https://skeb.jp/@itoma_yuko/works/2, 1000
https://skeb.jp/@itoma_yuko/works/1, 1000
https://skeb.jp/@mafg5e8/works/25, 1000
https://skeb.jp/@mafg5e8/works/12, 1000
https://skeb.jp/@nemuizo__zzZ/works/55, 1000
https://skeb.jp/@saikusa_2525/works/2, 1000
https://skeb.jp/@Sasami_042828/works/13, 1000
https://skeb.jp/@Sasami_042828/works/7, 1000
https://skeb.jp/@St_ll0/works/46, 1000
https://skeb.jp/@tectan_nico/works/4, 1000
https://skeb.jp/@wkwkteta/works/1, 1000
https://skeb.jp/@zzIllust/works/24, 1000
https://skeb.jp/@zzIllust/works/21, 1000
https://skeb.jp/@z_xuu2/works/12, 1000
https://skeb.jp/@z_xuu2/works/7, 1000
https://skeb.jp/@_nerukoko_/works/1, 1000
https://skeb.jp/@_Yearend_liv/works/10, 1000
https://skeb.jp/@annzu000/works/40, 1500
https://skeb.jp/@aochuliyan70042/works/8, 1500
https://skeb.jp/@kimamaokami/works/6, 1500
https://skeb.jp/@MagesTarako/works/18, 1500
https://skeb.jp/@omae_desudesu/works/10, 1500
https://skeb.jp/@osakanafish04/works/37, 1500
https://skeb.jp/@tokyukazuha_xy/works/10, 1500
https://skeb.jp/@water_mi1k/works/2, 1800
https://skeb.jp/@zui_0/works/192, 1800
https://skeb.jp/@zui_0/works/190, 1800
https://skeb.jp/@zui_0/works/187, 1800
https://skeb.jp/@zui_0/works/180, 1800
https://skeb.jp/@CHIE_fr/works/3, 2000
https://skeb.jp/@cPa0i/works/14, 2000
https://skeb.jp/@cPa0i/works/8, 2000
https://skeb.jp/@Erureido_kawaii/works/12, 2000
https://skeb.jp/@Erureido_kawaii/works/11, 2000
https://skeb.jp/@Erureido_kawaii/works/8, 2000
https://skeb.jp/@Erureido_kawaii/works/6, 2000
https://skeb.jp/@Erureido_kawaii/works/5, 2000
https://skeb.jp/@Erureido_kawaii/works/4, 2000
https://skeb.jp/@Erureido_kawaii/works/2, 2000
https://skeb.jp/@Erureido_kawaii/works/1, 2000
https://skeb.jp/@freon_holon/works/5, 2000
https://skeb.jp/@hayashi_Gump/works/47, 2000
https://skeb.jp/@hosipoke/works/56, 2000
https://skeb.jp/@ichihachiharu/works/4, 2000
https://skeb.jp/@KarumeYak1/works/306, 2000
https://skeb.jp/@KarumeYak1/works/289, 2000
https://skeb.jp/@knosi_114514/works/20, 2000
https://skeb.jp/@Ktm3mvduB224393/works/2, 2000
https://skeb.jp/@LRuOhjJ6YOjhWwW/works/10, 2000
https://skeb.jp/@Matida_hirosi/works/2, 2000
https://skeb.jp/@MiyakkoIce/works/13, 2000
https://skeb.jp/@MiyakkoIce/works/12, 2000
https://skeb.jp/@MiyakkoIce/works/8, 2000
https://skeb.jp/@MiyakkoIce/works/2, 2000
https://skeb.jp/@nasunasu910/works/29, 2000
https://skeb.jp/@Nun3doyo/works/2, 2000
https://skeb.jp/@Oukan_muri/works/65, 2000
https://skeb.jp/@Oukan_muri/works/62, 2000
https://skeb.jp/@Oukan_muri/works/59, 2000
https://skeb.jp/@Oukan_muri/works/55, 2000
https://skeb.jp/@Poseidon_0215/works/3, 2000
https://skeb.jp/@shion_suzuhara/works/210, 2000
https://skeb.jp/@shion_suzuhara/works/202, 2000
https://skeb.jp/@sn77of/works/45, 2000
https://skeb.jp/@Tentoumusi_0107/works/5, 2000
https://skeb.jp/@Tentoumusi_0107/works/1, 2000
https://skeb.jp/@tmtm1932/works/14, 2000
https://skeb.jp/@Tsumugi0832/works/188, 2000
https://skeb.jp/@uuuusatama/works/480, 2000
https://skeb.jp/@uuuusatama/works/470, 2000
https://skeb.jp/@YamaYuri_am4h/works/1, 2000
https://skeb.jp/@yuki_penta/works/99, 2000
https://skeb.jp/@yuki_penta/works/96, 2000
https://skeb.jp/@nikumanmgmg_1/works/53, 2200
https://skeb.jp/@ninzin_88hon/works/30, 2200
https://skeb.jp/@0i7NKNS/works/51, 2500
https://skeb.jp/@atatakapoka_/works/2, 2500
https://skeb.jp/@Cancer_Midday/works/2, 2500
https://skeb.jp/@db_mgm/works/200, 2500
https://skeb.jp/@kotyo22/works/5, 2500
https://skeb.jp/@mofueto/works/783, 2500
https://skeb.jp/@Mo_518_mO/works/1338, 2500
https://skeb.jp/@NEW_Rapid876/works/14, 2500
https://skeb.jp/@NEW_Rapid876/works/12, 2500
https://skeb.jp/@NEW_Rapid876/works/11, 2500
https://skeb.jp/@NEW_Rapid876/works/10, 2500
https://skeb.jp/@NEW_Rapid876/works/9, 2500
https://skeb.jp/@NEW_Rapid876/works/8, 2500
https://skeb.jp/@NEW_Rapid876/works/7, 2500
https://skeb.jp/@NEW_Rapid876/works/6, 2500
https://skeb.jp/@NEW_Rapid876/works/3, 2500
https://skeb.jp/@NEW_Rapid876/works/1, 2500
https://skeb.jp/@pakipakiiishi/works/196, 2500
https://skeb.jp/@taro_nome/works/9, 2500
https://skeb.jp/@taro_nome/works/7, 2500
https://skeb.jp/@tiramizawa/works/3, 2500
https://skeb.jp/@t_t_illust/works/10, 2500
https://skeb.jp/@0262_Rude/works/6, 3000
https://skeb.jp/@5legDog/works/22, 3000
https://skeb.jp/@a_sanagi_Aki/works/7, 3000
https://skeb.jp/@cacaocreate/works/1, 3000
https://skeb.jp/@cat_kuso/works/2, 3000
https://skeb.jp/@d_norainu_b/works/5, 3000
https://skeb.jp/@Elise3150/works/46, 3000
https://skeb.jp/@Firamyan/works/133, 3000
https://skeb.jp/@Firamyan/works/112, 3000
https://skeb.jp/@Getter_roboSKL/works/4, 3000
https://skeb.jp/@Gloria___0/works/7, 3000
https://skeb.jp/@Gloria___0/works/5, 3000
https://skeb.jp/@gominoossan/works/4, 3000
https://skeb.jp/@haruorigin/works/13, 3000
https://skeb.jp/@Hina_puna/works/4, 3000
https://skeb.jp/@HK__BB/works/91, 3000
https://skeb.jp/@HK__BB/works/86, 3000
https://skeb.jp/@HK__BB/works/73, 3000
https://skeb.jp/@JuuyuuJuu/works/4, 3000
https://skeb.jp/@JuuyuuJuu/works/3, 3000
https://skeb.jp/@kemo01417/works/6, 3000
https://skeb.jp/@kemo01417/works/1, 3000
https://skeb.jp/@kessin_pasuta/works/58, 3000
https://skeb.jp/@Kirie53410491/works/3, 3000
https://skeb.jp/@Komepan_pan/works/30, 3000
https://skeb.jp/@Komepan_pan/works/25, 3000
https://skeb.jp/@kurage136522/works/4, 3000
https://skeb.jp/@mgi10/works/5, 3000
https://skeb.jp/@mii_pretzel/works/3, 3000
https://skeb.jp/@Misi6_mako10/works/1, 3000
https://skeb.jp/@miyutaeokiba/works/30, 3000
https://skeb.jp/@MKNK/works/11, 3000
https://skeb.jp/@Momami_esiV/works/14, 3000
https://skeb.jp/@MutukiSeiya/works/6, 3000
https://skeb.jp/@nemumu_tensi_/works/14, 3000
https://skeb.jp/@nikuniku_029o/works/195, 3000
https://skeb.jp/@nyaru_poto/works/73, 3000
https://skeb.jp/@nyaru_poto/works/53, 3000
https://skeb.jp/@ori_atorion/works/4, 3000
https://skeb.jp/@ori_atorion/works/3, 3000
https://skeb.jp/@OZANAReWorks/works/43, 3000
https://skeb.jp/@Pandayo_shark/works/23, 3000
https://skeb.jp/@petitpoach/works/27, 3000
https://skeb.jp/@pm9e5QWzMk/works/103, 3000
https://skeb.jp/@poverdon/works/59, 3000
https://skeb.jp/@pVtzAqeWLa/works/2, 3000
https://skeb.jp/@ramuru0718/works/25, 3000
https://skeb.jp/@RecycledPl4stic/works/1, 3000
https://skeb.jp/@Remon_Cola/works/3, 3000
https://skeb.jp/@ronro4110/works/46, 3000
https://skeb.jp/@samesame5151/works/4, 3000
https://skeb.jp/@samezora_193/works/14, 3000
https://skeb.jp/@sanchimpo/works/19, 3000
https://skeb.jp/@sanu_az/works/130, 3000
https://skeb.jp/@seitora/works/103, 3000
https://skeb.jp/@sesami_garlic_s/works/15, 3000
https://skeb.jp/@SEU_h14/works/2, 3000
https://skeb.jp/@shitoumuramomo/works/10, 3000
https://skeb.jp/@si3olW61xNhNtnK/works/10, 3000
https://skeb.jp/@sokyokusen/works/4, 3000
https://skeb.jp/@sokyokusen/works/2, 3000
https://skeb.jp/@someka000/works/1, 3000
https://skeb.jp/@starpouco/works/7, 3000
https://skeb.jp/@subtle_dawn/works/143, 3000
https://skeb.jp/@subtle_dawn/works/142, 3000
https://skeb.jp/@susukitsuneV/works/9, 3000
https://skeb.jp/@susukitsuneV/works/2, 3000
https://skeb.jp/@takeshimoriyama/works/19, 3000
https://skeb.jp/@Tamalilis/works/6, 3000
https://skeb.jp/@tanuki3_city/works/5, 3000
https://skeb.jp/@tokyukazuha/works/112, 3000
https://skeb.jp/@tokyukazuha/works/92, 3000
https://skeb.jp/@TOTOTOTO_TK/works/692, 3000
https://skeb.jp/@tsuminobeyo/works/134, 3000
https://skeb.jp/@TsurubamiRyu/works/26, 3000
https://skeb.jp/@uguisu_5914/works/5, 3000
https://skeb.jp/@Un_iff/works/31, 3000
https://skeb.jp/@uuudaka/works/7, 3000
https://skeb.jp/@vivi_opai/works/5, 3000
https://skeb.jp/@vmame_tsubuv/works/14, 3000
https://skeb.jp/@wuh9P7BLTJdCTIY/works/7, 3000
https://skeb.jp/@ww0_000/works/49, 3000
https://skeb.jp/@Yakko_Picture/works/3, 3000
https://skeb.jp/@yumeminoideyu/works/86, 3000
https://skeb.jp/@z_z__Z_cat/works/11, 3000
https://skeb.jp/@z_z__Z_cat/works/6, 3000
https://skeb.jp/@a_o_hi_to/works/142, 3100
https://skeb.jp/@10rigar/works/65, 3500
https://skeb.jp/@4me3ba_NIKU/works/45, 3500
https://skeb.jp/@ata1n0E/works/18, 3500
https://skeb.jp/@ata1n0E/works/12, 3500
https://skeb.jp/@ata1n0E/works/9, 3500
https://skeb.jp/@ata1n0E/works/4, 3500
https://skeb.jp/@conchiglie_/works/55, 3500
https://skeb.jp/@harusamenasu/works/3, 3500
https://skeb.jp/@hnmr_303/works/6, 3500
https://skeb.jp/@miniinu/works/17, 3500
https://skeb.jp/@mofuMor_STAY/works/24, 3500
https://skeb.jp/@mofuMor_STAY/works/17, 3500
https://skeb.jp/@ra_ra_rairu/works/28, 3500
https://skeb.jp/@ra_ra_rairu/works/19, 3500
https://skeb.jp/@ra_ra_rairu/works/15, 3500
https://skeb.jp/@Sabakani2525/works/28, 3500
https://skeb.jp/@Urinriu/works/44, 3500
https://skeb.jp/@Vbangboo/works/7, 3500
https://skeb.jp/@_inu84/works/55, 3500
https://skeb.jp/@3kado_0303/works/45, 4000
https://skeb.jp/@76_3miya_oc/works/34, 4000
https://skeb.jp/@amofi_drawing/works/8, 4000
https://skeb.jp/@axeisland/works/11, 4000
https://skeb.jp/@axeisland/works/10, 4000
https://skeb.jp/@axeisland/works/9, 4000
https://skeb.jp/@axeisland/works/7, 4000
https://skeb.jp/@calf_hutch/works/15, 4000
https://skeb.jp/@capella_pera/works/119, 4000
https://skeb.jp/@Ca__corvid/works/6, 4000
https://skeb.jp/@eda0178223/works/17, 4000
https://skeb.jp/@floatHawk12/works/1, 4000
https://skeb.jp/@foo1000_P/works/1, 4000
https://skeb.jp/@hat_065/works/74, 4000
https://skeb.jp/@heta2624/works/11, 4000
https://skeb.jp/@HHorn1214/works/114, 4000
https://skeb.jp/@homomo_19/works/4, 4000
https://skeb.jp/@HonokuraH_R18/works/10, 4000
https://skeb.jp/@hs_scc/works/2, 4000
https://skeb.jp/@hure_gula/works/41, 4000
https://skeb.jp/@hure_gula/works/21, 4000
https://skeb.jp/@Huryuu/works/2, 4000
https://skeb.jp/@Huryuu/works/1, 4000
https://skeb.jp/@illust2024_iwai/works/17, 4000
https://skeb.jp/@Inked_map/works/15, 4000
https://skeb.jp/@Inked_map/works/9, 4000
https://skeb.jp/@itukiharno/works/1, 4000
https://skeb.jp/@Jade_AA01/works/15, 4000
https://skeb.jp/@Jade_AA01/works/14, 4000
https://skeb.jp/@Jade_AA01/works/12, 4000
https://skeb.jp/@Jade_AA01/works/9, 4000
https://skeb.jp/@Jade_AA01/works/2, 4000
https://skeb.jp/@janome_ouka_/works/37, 4000
https://skeb.jp/@janome_ouka_/works/30, 4000
https://skeb.jp/@janome_ouka_/works/23, 4000
https://skeb.jp/@JarkCP/works/5, 4000
https://skeb.jp/@johnchan/works/19, 4000
https://skeb.jp/@johnchan/works/18, 4000
https://skeb.jp/@jSLyUiJ0Rxnu9Gf/works/12, 4000
https://skeb.jp/@jSLyUiJ0Rxnu9Gf/works/4, 4000
https://skeb.jp/@jSLyUiJ0Rxnu9Gf/works/1, 4000
https://skeb.jp/@kemono250106/works/10, 4000
https://skeb.jp/@kemono250106/works/8, 4000
https://skeb.jp/@kemono250106/works/7, 4000
https://skeb.jp/@kemono250106/works/4, 4000
https://skeb.jp/@kemono250106/works/1, 4000
https://skeb.jp/@kitagawa_ti/works/81, 4000
https://skeb.jp/@kusemono_s/works/51, 4000
https://skeb.jp/@mayprimavera/works/3, 4000
https://skeb.jp/@meiwan666/works/4, 4000
https://skeb.jp/@mituki_sabu2/works/9, 4000
https://skeb.jp/@monu_0w0/works/77, 4000
https://skeb.jp/@monu_0w0/works/74, 4000
https://skeb.jp/@mukumukudori666/works/51, 4000
https://skeb.jp/@neko_sabure0/works/17, 4000
https://skeb.jp/@neko_sabure0/works/16, 4000
https://skeb.jp/@nikoro_niko/works/22, 4000
https://skeb.jp/@nikoro_niko/works/18, 4000
https://skeb.jp/@nikoro_niko/works/14, 4000
https://skeb.jp/@nikoro_niko/works/12, 4000
https://skeb.jp/@nikoro_niko/works/7, 4000
https://skeb.jp/@nikoro_niko/works/2, 4000
https://skeb.jp/@noe_na0518/works/20, 4000
https://skeb.jp/@noe_na0518/works/10, 4000
https://skeb.jp/@N__furry/works/14, 4000
https://skeb.jp/@onatu_original/works/2, 4000
https://skeb.jp/@onatu_original/works/1, 4000
https://skeb.jp/@out_J_22054/works/19, 4000
https://skeb.jp/@pizzapastachan/works/24, 4000
https://skeb.jp/@pizzapastachan/works/17, 4000
https://skeb.jp/@ponpopo_tanpopo/works/7, 4000
https://skeb.jp/@ponpopo_tanpopo/works/6, 4000
https://skeb.jp/@rihenara0024/works/154, 4000
https://skeb.jp/@roronekorone_/works/8, 4000
https://skeb.jp/@ryuki_151_/works/6, 4000
https://skeb.jp/@sava_nosio/works/13, 4000
https://skeb.jp/@sgp8610_/works/3, 4000
https://skeb.jp/@sizima00/works/7, 4000
https://skeb.jp/@sotoroa_0v0/works/148, 4000
https://skeb.jp/@sowakoo/works/4, 4000
https://skeb.jp/@syumosama/works/74, 4000
https://skeb.jp/@syumosama/works/73, 4000
https://skeb.jp/@syumosama/works/71, 4000
https://skeb.jp/@syumosama/works/70, 4000
https://skeb.jp/@syumosama/works/69, 4000
https://skeb.jp/@syumosama/works/68, 4000
https://skeb.jp/@syumosama/works/66, 4000
https://skeb.jp/@syumosama/works/64, 4000
https://skeb.jp/@syumosama/works/63, 4000
https://skeb.jp/@syumosama/works/62, 4000
https://skeb.jp/@syumosama/works/58, 4000
https://skeb.jp/@syumosama/works/57, 4000
https://skeb.jp/@syumosama/works/56, 4000
https://skeb.jp/@syumosama/works/53, 4000
https://skeb.jp/@syumosama/works/52, 4000
https://skeb.jp/@syumosama/works/46, 4000
https://skeb.jp/@tabiari/works/30, 4000
https://skeb.jp/@tabiari/works/27, 4000
https://skeb.jp/@tabiari/works/20, 4000
https://skeb.jp/@teaparty139/works/12, 4000
https://skeb.jp/@TLTO1910/works/14, 4000
https://skeb.jp/@TLTO1910/works/11, 4000
https://skeb.jp/@TLTO1910/works/4, 4000
https://skeb.jp/@TLTO1910/works/3, 4000
https://skeb.jp/@tori_mof/works/21, 4000
https://skeb.jp/@tsuyoshi542230/works/26, 4000
https://skeb.jp/@t_kawakyun1/works/10, 4000
https://skeb.jp/@uaaannn/works/32, 4000
https://skeb.jp/@Ver26P/works/7, 4000
https://skeb.jp/@wapo00n/works/1, 4000
https://skeb.jp/@Warmly_breaknow/works/44, 4000
https://skeb.jp/@Yago_Dayo/works/6, 4000
https://skeb.jp/@yomidori_37_sub/works/10, 4000
https://skeb.jp/@yuunaduki/works/31, 4000
https://skeb.jp/@Witchmakers36/works/11, 4200
https://skeb.jp/@Witchmakers36/works/7, 4200
https://skeb.jp/@Witchmakers36/works/4, 4200
https://skeb.jp/@Witchmakers36/works/2, 4200
https://skeb.jp/@Witchmakers36/works/1, 4200
https://skeb.jp/@0samuse/works/38, 4500
https://skeb.jp/@amd_vrc/works/18, 4500
https://skeb.jp/@ankomoti_2/works/15, 4500
https://skeb.jp/@Marukuni/works/23, 4500
https://skeb.jp/@nnnnkkkksk/works/189, 4500
https://skeb.jp/@O5pKi/works/21, 4500
https://skeb.jp/@pipi__kun/works/74, 4500
https://skeb.jp/@yagu_282/works/15, 4500
https://skeb.jp/@yenamika/works/22, 4900
https://skeb.jp/@yenamika/works/17, 4900
https://skeb.jp/@0bekonnichiha/works/5, 5000
https://skeb.jp/@0bekonnichiha/works/2, 5000
https://skeb.jp/@0bekonnichiha/works/1, 5000
https://skeb.jp/@0nanaten/works/43, 5000
https://skeb.jp/@0nanaten/works/42, 5000
https://skeb.jp/@0nanaten/works/34, 5000
https://skeb.jp/@0nanaten/works/31, 5000
https://skeb.jp/@0nanaten/works/27, 5000
https://skeb.jp/@0nanaten/works/26, 5000
https://skeb.jp/@0nanaten/works/24, 5000
https://skeb.jp/@0nanaten/works/23, 5000
https://skeb.jp/@0nanaten/works/21, 5000
https://skeb.jp/@0nanaten/works/20, 5000
https://skeb.jp/@0v0ip/works/13, 5000
https://skeb.jp/@1101_0720/works/24, 5000
https://skeb.jp/@1matubasi1/works/4, 5000
https://skeb.jp/@29mcrF/works/14, 5000
https://skeb.jp/@85UGuSfwkqzbeam/works/3, 5000
https://skeb.jp/@8gurume_supaiza/works/4, 5000
https://skeb.jp/@8gurume_supaiza/works/2, 5000
https://skeb.jp/@9999Gpera1/works/20, 5000
https://skeb.jp/@akino0105/works/11, 5000
https://skeb.jp/@amenbopotupotu/works/14, 5000
https://skeb.jp/@Aoi__Mua/works/108, 5000
https://skeb.jp/@Aomatu_Spaghe/works/46, 5000
https://skeb.jp/@araisandanee/works/7, 5000
https://skeb.jp/@aziziNI/works/29, 5000
https://skeb.jp/@aziziNI/works/27, 5000
https://skeb.jp/@baronzombie/works/107, 5000
https://skeb.jp/@betaquartz/works/15, 5000
https://skeb.jp/@ButtPurun/works/46, 5000
https://skeb.jp/@ButtPurun/works/45, 5000
https://skeb.jp/@ButtPurun/works/36, 5000
https://skeb.jp/@ButtPurun/works/28, 5000
https://skeb.jp/@Carsabotoon/works/127, 5000
https://skeb.jp/@Carsabotoon/works/115, 5000
https://skeb.jp/@chishiro0880/works/7, 5000
https://skeb.jp/@chu2_sec/works/161, 5000
https://skeb.jp/@cloudcold_ordis/works/7, 5000
https://skeb.jp/@CLUB_OF_DONGURI/works/6, 5000
https://skeb.jp/@CLUB_OF_DONGURI/works/3, 5000
https://skeb.jp/@crumpets202204/works/88, 5000
https://skeb.jp/@dokunagashi/works/3, 5000
https://skeb.jp/@echizen_shikibu/works/8, 5000
https://skeb.jp/@eichi003/works/114, 5000
https://skeb.jp/@eitirou12345/works/20, 5000
https://skeb.jp/@eitirou12345/works/19, 5000
https://skeb.jp/@eitirou12345/works/17, 5000
https://skeb.jp/@eitirou12345/works/16, 5000
https://skeb.jp/@eitirou12345/works/13, 5000
https://skeb.jp/@eroinuinu/works/6, 5000
https://skeb.jp/@Fujimaki_2UxU/works/48, 5000
https://skeb.jp/@fuji_another/works/65, 5000
https://skeb.jp/@fuji_another/works/56, 5000
https://skeb.jp/@fukuramu_yume/works/15, 5000
https://skeb.jp/@gagaga4449/works/18, 5000
https://skeb.jp/@gam_0008/works/73, 5000
https://skeb.jp/@genkiniyuruyuru/works/6, 5000
https://skeb.jp/@gi_irst/works/40, 5000
https://skeb.jp/@GoldenTayaki/works/72, 5000
https://skeb.jp/@GoldenTayaki/works/63, 5000
https://skeb.jp/@grrrrrwf/works/23, 5000
https://skeb.jp/@Gyol_0/works/68, 5000
https://skeb.jp/@hanabusasousaku/works/45, 5000
https://skeb.jp/@hetakitsune/works/17, 5000
https://skeb.jp/@hman53561/works/59, 5000
https://skeb.jp/@hman53561/works/50, 5000
https://skeb.jp/@hman53561/works/48, 5000
https://skeb.jp/@horomoka/works/2, 5000
https://skeb.jp/@Hotbutter/works/1, 5000
https://skeb.jp/@hugenekko/works/17, 5000
https://skeb.jp/@Ibjin_1269/works/18, 5000
https://skeb.jp/@Ibjin_1269/works/1, 5000
https://skeb.jp/@Ichikawa_Ramune/works/34, 5000
https://skeb.jp/@IHATEYOU42731/works/2, 5000
https://skeb.jp/@ika_flowregit/works/6, 5000
https://skeb.jp/@inposamu/works/42, 5000
https://skeb.jp/@inposamu/works/37, 5000
https://skeb.jp/@inposamu/works/28, 5000
https://skeb.jp/@iwasi_29/works/40, 5000
https://skeb.jp/@JyasyugyoYEET/works/52, 5000
https://skeb.jp/@JyasyugyoYEET/works/34, 5000
https://skeb.jp/@JyasyugyoYEET/works/33, 5000
https://skeb.jp/@JyasyugyoYEET/works/32, 5000
https://skeb.jp/@JyasyugyoYEET/works/31, 5000
https://skeb.jp/@KagikakkoPe/works/18, 5000
https://skeb.jp/@KahkiTimeYear02/works/21, 5000
https://skeb.jp/@kametora02/works/3, 5000
https://skeb.jp/@karadakitaeyou/works/1, 5000
https://skeb.jp/@karap__noe/works/9, 5000
https://skeb.jp/@KM_29_KM/works/29, 5000
https://skeb.jp/@KM_29_KM/works/22, 5000
https://skeb.jp/@KM_29_KM/works/21, 5000
https://skeb.jp/@KM_29_KM/works/18, 5000
https://skeb.jp/@KM_29_KM/works/16, 5000
https://skeb.jp/@KM_29_KM/works/15, 5000
https://skeb.jp/@KM_29_KM/works/11, 5000
https://skeb.jp/@KM_29_KM/works/10, 5000
https://skeb.jp/@KM_29_KM/works/8, 5000
https://skeb.jp/@KM_29_KM/works/7, 5000
https://skeb.jp/@komsan0818/works/11, 5000
https://skeb.jp/@komsan0818/works/10, 5000
https://skeb.jp/@Kuhi_3/works/2, 5000
https://skeb.jp/@kumano_poku/works/6, 5000
https://skeb.jp/@KuniKuniMitanni/works/33, 5000
https://skeb.jp/@KuniKuniMitanni/works/28, 5000
https://skeb.jp/@KuniKuniMitanni/works/20, 5000
https://skeb.jp/@KuniKuniMitanni/works/19, 5000
https://skeb.jp/@KuniKuniMitanni/works/18, 5000
https://skeb.jp/@KuniKuniMitanni/works/17, 5000
https://skeb.jp/@KuniKuniMitanni/works/15, 5000
https://skeb.jp/@KuniKuniMitanni/works/10, 5000
https://skeb.jp/@KuniKuniMitanni/works/9, 5000
https://skeb.jp/@KuniKuniMitanni/works/8, 5000
https://skeb.jp/@KuniKuniMitanni/works/7, 5000
https://skeb.jp/@kym3110/works/49, 5000
https://skeb.jp/@lets0020/works/153, 5000
https://skeb.jp/@lets0020/works/149, 5000
https://skeb.jp/@lets0020/works/132, 5000
https://skeb.jp/@Lexer035/works/1, 5000
https://skeb.jp/@LIKEEED_/works/1, 5000
https://skeb.jp/@Lizardon1/works/8, 5000
https://skeb.jp/@lmnoof/works/52, 5000
https://skeb.jp/@lupohappening/works/76, 5000
https://skeb.jp/@maAari_pkmn/works/13, 5000
https://skeb.jp/@MamehukuAzuki/works/4, 5000
https://skeb.jp/@Manon0127/works/7, 5000
https://skeb.jp/@marimoyasya/works/12, 5000
https://skeb.jp/@mfri_/works/5, 5000
https://skeb.jp/@mii_nyanko96/works/9, 5000
https://skeb.jp/@mimizupaw/works/25, 5000
https://skeb.jp/@misora_sorairo/works/12, 5000
https://skeb.jp/@modo_kittan2/works/1, 5000
https://skeb.jp/@mohumanga/works/9, 5000
https://skeb.jp/@Mono7_Snivy/works/19, 5000
https://skeb.jp/@mosamosa129/works/27, 5000
https://skeb.jp/@mosamosa129/works/20, 5000
https://skeb.jp/@mosamosa129/works/18, 5000
https://skeb.jp/@mp_144_253/works/14, 5000
https://skeb.jp/@Mr_Frog716/works/2, 5000
https://skeb.jp/@mt_tg/works/2, 5000
https://skeb.jp/@mue/works/181, 5000
https://skeb.jp/@mu_min_9262/works/7, 5000
https://skeb.jp/@namicha73/works/1, 5000
https://skeb.jp/@nanasawa_dayo/works/19, 5000
https://skeb.jp/@nanasawa_dayo/works/5, 5000
https://skeb.jp/@nan_okitsune/works/78, 5000
https://skeb.jp/@nan_okitsune/works/64, 5000
https://skeb.jp/@nitono_iro_mia/works/2, 5000
https://skeb.jp/@Ni_Cd0173/works/20, 5000
https://skeb.jp/@Ni_Cd0173/works/15, 5000
https://skeb.jp/@nnkhmhm/works/163, 5000
https://skeb.jp/@No_616_SHiN/works/1, 5000
https://skeb.jp/@npnpto/works/60, 5000
https://skeb.jp/@npnpto/works/57, 5000
https://skeb.jp/@npnpto/works/40, 5000
https://skeb.jp/@nukomu_UwU/works/96, 5000
https://skeb.jp/@o3o_mv/works/27, 5000
https://skeb.jp/@oimok28/works/5, 5000
https://skeb.jp/@oLaZnON4MD1YH1z/works/13, 5000
https://skeb.jp/@OnariKoinari/works/7, 5000
https://skeb.jp/@oniku_0505/works/6, 5000
https://skeb.jp/@onion0131/works/4, 5000
https://skeb.jp/@OrcaKiba/works/5, 5000
https://skeb.jp/@OsMarchen3/works/1, 5000
https://skeb.jp/@o_r_i_124/works/11, 5000
https://skeb.jp/@PNPNYOPEN/works/3, 5000
https://skeb.jp/@Potekoro_3/works/49, 5000
https://skeb.jp/@potipoti93/works/86, 5000
https://skeb.jp/@PuniPippin/works/3, 5000
https://skeb.jp/@purin_empty2/works/7, 5000
https://skeb.jp/@purin_empty2/works/4, 5000
https://skeb.jp/@pyrethrin_12/works/12, 5000
https://skeb.jp/@RabbitDrag0n/works/8, 5000
https://skeb.jp/@RaGyoCha_/works/2, 5000
https://skeb.jp/@Reenjiin_000/works/4, 5000
https://skeb.jp/@Rexeig/works/6, 5000
https://skeb.jp/@roraponsan/works/5, 5000
https://skeb.jp/@RyuuNoTomodati/works/1, 5000
https://skeb.jp/@sadiyart74/works/2, 5000
https://skeb.jp/@saku_toro/works/1, 5000
https://skeb.jp/@SasaFune2357/works/23, 5000
https://skeb.jp/@Scary96Dns/works/38, 5000
https://skeb.jp/@Scary96Dns/works/36, 5000
https://skeb.jp/@Sekieki_Monyo/works/17, 5000
https://skeb.jp/@Sekieki_Monyo/works/6, 5000
https://skeb.jp/@shidoromo/works/15, 5000
https://skeb.jp/@Shinobugusa_000/works/8, 5000
https://skeb.jp/@shio_shake_shio/works/29, 5000
https://skeb.jp/@Shironappa_46/works/9, 5000
https://skeb.jp/@Shironappa_46/works/4, 5000
https://skeb.jp/@Shironappa_46/works/1, 5000
https://skeb.jp/@Shiu_R18/works/3, 5000
https://skeb.jp/@Shiu_R18/works/2, 5000
https://skeb.jp/@shugyonau/works/17, 5000
https://skeb.jp/@siki002_sosaku/works/10, 5000
https://skeb.jp/@Sin_Haizen/works/3, 5000
https://skeb.jp/@Sono_ion24/works/12, 5000
https://skeb.jp/@sorakamidac/works/10, 5000
https://skeb.jp/@sorakamidac/works/7, 5000
https://skeb.jp/@sorano2003/works/25, 5000
https://skeb.jp/@soraoekaki_27/works/3, 5000
https://skeb.jp/@sorehatofu/works/3, 5000
https://skeb.jp/@SudakoTakoyaki/works/3, 5000
https://skeb.jp/@suzuinu/works/45, 5000
https://skeb.jp/@Suzumochi71/works/14, 5000
https://skeb.jp/@taka_kazurich/works/2, 5000
https://skeb.jp/@tamagoshida0734/works/21, 5000
https://skeb.jp/@tamagoshida0734/works/13, 5000
https://skeb.jp/@tanagi_00661122/works/55, 5000
https://skeb.jp/@tanoon10070/works/8, 5000
https://skeb.jp/@taroimo_imotaro/works/29, 5000
https://skeb.jp/@tk_club0_0/works/32, 5000
https://skeb.jp/@tokaTouka_/works/5, 5000
https://skeb.jp/@tonkothuuu/works/9, 5000
https://skeb.jp/@tori12125/works/3, 5000
https://skeb.jp/@torokeruhoshi/works/3, 5000
https://skeb.jp/@touhinyut/works/5, 5000
https://skeb.jp/@tyanbaku/works/8, 5000
https://skeb.jp/@UMA_mohumohu/works/51, 5000
https://skeb.jp/@un_kiyou9/works/3, 5000
https://skeb.jp/@urotori/works/359, 5000
https://skeb.jp/@voda_6od61/works/1, 5000
https://skeb.jp/@waongayuku/works/17, 5000
https://skeb.jp/@yakihagi_36/works/17, 5000
https://skeb.jp/@yatsubara_art/works/27, 5000
https://skeb.jp/@yfxnki/works/6, 5000
https://skeb.jp/@ymmoo/works/139, 5000
https://skeb.jp/@youms_design/works/7, 5000
https://skeb.jp/@yowa2momo/works/398, 5000
https://skeb.jp/@Ytori_3939/works/12, 5000
https://skeb.jp/@Z7xdqCLdJS42U05/works/1, 5000
https://skeb.jp/@ZCgN8IXLQz/works/1, 5000
https://skeb.jp/@_ha1sui/works/14, 5000
https://skeb.jp/@_ha1sui/works/12, 5000
https://skeb.jp/@_kumatron/works/11, 5000
https://skeb.jp/@_kumatron/works/9, 5000
https://skeb.jp/@___AntennA___/works/3, 5000
https://skeb.jp/@yumemiya_saya/works/25, 5200
https://skeb.jp/@dairi155/works/134, 5500
https://skeb.jp/@Kuwakuma_93/works/30, 5500
https://skeb.jp/@os234695/works/39, 5500
https://skeb.jp/@os234695/works/30, 5500
https://skeb.jp/@Pixel25258/works/75, 5500
https://skeb.jp/@toto_N7_/works/13, 5500
https://skeb.jp/@toto_N7_/works/8, 5500
https://skeb.jp/@toto_N7_/works/2, 5500
https://skeb.jp/@110m1du/works/17, 6000
https://skeb.jp/@110m1du/works/11, 6000
https://skeb.jp/@110m1du/works/8, 6000
https://skeb.jp/@166j357/works/73, 6000
https://skeb.jp/@166j357/works/72, 6000
https://skeb.jp/@166j357/works/63, 6000
https://skeb.jp/@166j357/works/61, 6000
https://skeb.jp/@166j357/works/57, 6000
https://skeb.jp/@166j357/works/49, 6000
https://skeb.jp/@166j357/works/48, 6000
https://skeb.jp/@217_illu/works/36, 6000
https://skeb.jp/@222rury/works/9, 6000
https://skeb.jp/@2bosi2/works/17, 6000
https://skeb.jp/@apkdjafk6544/works/12, 6000
https://skeb.jp/@Aputto_9/works/48, 6000
https://skeb.jp/@atlantic_skgw/works/54, 6000
https://skeb.jp/@atlantic_skgw/works/50, 6000
https://skeb.jp/@bumomomoboa/works/29, 6000
https://skeb.jp/@bwyerzjkgiyhgdj/works/10, 6000
https://skeb.jp/@crossshark/works/23, 6000
https://skeb.jp/@haltaka_/works/46, 6000
https://skeb.jp/@hamhamham_0907/works/27, 6000
https://skeb.jp/@Harume_neko/works/4, 6000
https://skeb.jp/@hihusuzu/works/31, 6000
https://skeb.jp/@hihusuzu/works/26, 6000
https://skeb.jp/@hihusuzu/works/22, 6000
https://skeb.jp/@hihusuzu/works/17, 6000
https://skeb.jp/@hiziki101/works/44, 6000
https://skeb.jp/@hi_36_ro/works/12, 6000
https://skeb.jp/@irohani_wowali/works/23, 6000
https://skeb.jp/@irohani_wowali/works/22, 6000
https://skeb.jp/@itto_tea/works/21, 6000
https://skeb.jp/@itto_tea/works/3, 6000
https://skeb.jp/@Iyuha_Y/works/6, 6000
https://skeb.jp/@Kai_if_/works/5, 6000
https://skeb.jp/@kemonngo/works/192, 6000
https://skeb.jp/@kemonngo/works/176, 6000
https://skeb.jp/@kemonngo/works/175, 6000
https://skeb.jp/@kitougo_M/works/21, 6000
https://skeb.jp/@kokuri0/works/27, 6000
https://skeb.jp/@KotoriMuro770/works/87, 6000
https://skeb.jp/@Kuu_Loistaa/works/48, 6000
https://skeb.jp/@Kuu_Loistaa/works/47, 6000
https://skeb.jp/@Kuu_Loistaa/works/46, 6000
https://skeb.jp/@Kuu_Loistaa/works/40, 6000
https://skeb.jp/@Kuu_Loistaa/works/34, 6000
https://skeb.jp/@Kuu_Loistaa/works/24, 6000
https://skeb.jp/@lightgamein/works/196, 6000
https://skeb.jp/@Lua627/works/14, 6000
https://skeb.jp/@mats06022/works/10, 6000
https://skeb.jp/@memory____a/works/3, 6000
https://skeb.jp/@mmmmmmmisto_/works/44, 6000
https://skeb.jp/@mmmmmmmisto_/works/36, 6000
https://skeb.jp/@Monimoni_house/works/31, 6000
https://skeb.jp/@Monimoni_house/works/25, 6000
https://skeb.jp/@Monimoni_house/works/20, 6000
https://skeb.jp/@mo_zu_29/works/13, 6000
https://skeb.jp/@mo_zu_29/works/1, 6000
https://skeb.jp/@nagmom/works/34, 6000
https://skeb.jp/@nagmom/works/30, 6000
https://skeb.jp/@nagmom/works/27, 6000
https://skeb.jp/@nagmom/works/25, 6000
https://skeb.jp/@nagmom/works/23, 6000
https://skeb.jp/@nagmom/works/17, 6000
https://skeb.jp/@nagmom/works/15, 6000
https://skeb.jp/@nagmom/works/14, 6000
https://skeb.jp/@nagmom/works/10, 6000
https://skeb.jp/@neguchi69/works/8, 6000
https://skeb.jp/@nejumipro/works/109, 6000
https://skeb.jp/@niboshi_aruku/works/28, 6000
https://skeb.jp/@niboshi_aruku/works/23, 6000
https://skeb.jp/@niboshi_aruku/works/16, 6000
https://skeb.jp/@niboshi_aruku/works/11, 6000
https://skeb.jp/@niboshi_aruku/works/9, 6000
https://skeb.jp/@nishi_tail/works/12, 6000
https://skeb.jp/@niwa_827/works/1, 6000
https://skeb.jp/@njinji0201__/works/24, 6000
https://skeb.jp/@nozi_oekaki/works/109, 6000
https://skeb.jp/@OekakiAsari/works/52, 6000
https://skeb.jp/@oimosan121/works/30, 6000
https://skeb.jp/@okarina_123/works/46, 6000
https://skeb.jp/@osasimiyabai/works/79, 6000
https://skeb.jp/@osasimiyabai/works/75, 6000
https://skeb.jp/@oudono/works/13, 6000
https://skeb.jp/@oyonya/works/69, 6000
https://skeb.jp/@POTABIR1208/works/24, 6000
https://skeb.jp/@POTABIR1208/works/12, 6000
https://skeb.jp/@rBPuYVee6X/works/3, 6000
https://skeb.jp/@red_rokomoko/works/16, 6000
https://skeb.jp/@RePLOT_MIDY/works/36, 6000
https://skeb.jp/@RePLOT_MIDY/works/30, 6000
https://skeb.jp/@Rev1n48i/works/3, 6000
https://skeb.jp/@sbrr_inzm/works/8, 6000
https://skeb.jp/@seki_mhsk/works/17, 6000
https://skeb.jp/@seki_mhsk/works/12, 6000
https://skeb.jp/@seki_mhsk/works/10, 6000
https://skeb.jp/@seki_mhsk/works/7, 6000
https://skeb.jp/@seki_mhsk/works/4, 6000
https://skeb.jp/@seki_mhsk/works/1, 6000
https://skeb.jp/@Stephenflatrigh/works/10, 6000
https://skeb.jp/@Stephenflatrigh/works/6, 6000
https://skeb.jp/@Stephenflatrigh/works/4, 6000
https://skeb.jp/@Stephenflatrigh/works/1, 6000
https://skeb.jp/@suzukaze168/works/45, 6000
https://skeb.jp/@tiger_subaru/works/122, 6000
https://skeb.jp/@UDMOxsg/works/34, 6000
https://skeb.jp/@UDMOxsg/works/33, 6000
https://skeb.jp/@UDMOxsg/works/32, 6000
https://skeb.jp/@undersideground/works/419, 6000
https://skeb.jp/@uya_04/works/16, 6000
https://skeb.jp/@vaison33/works/2, 6000
https://skeb.jp/@voc30383714/works/2, 6000
https://skeb.jp/@voc30383714/works/1, 6000
https://skeb.jp/@vostok061/works/5, 6000
https://skeb.jp/@voyagetea112425/works/11, 6000
https://skeb.jp/@weiceng45344792/works/139, 6000
https://skeb.jp/@weiceng45344792/works/122, 6000
https://skeb.jp/@WORLD8383/works/1, 6000
https://skeb.jp/@_NITAMAGO/works/19, 6000
https://skeb.jp/@4Fskeb/works/13, 6300
https://skeb.jp/@mikan_Mmwxp/works/10, 6400
https://skeb.jp/@ALOCALA22/works/3, 6500
https://skeb.jp/@ALOCALA22/works/1, 6500
https://skeb.jp/@basashimeshi/works/49, 6500
https://skeb.jp/@chibi_dog/works/27, 6500
https://skeb.jp/@engawa_tanaka/works/8, 6500
https://skeb.jp/@harete_08192/works/11, 6500
https://skeb.jp/@submid03/works/21, 6500
https://skeb.jp/@skebinu/works/75, 6800
https://skeb.jp/@00madross00/works/10, 7000
https://skeb.jp/@00madross00/works/9, 7000
https://skeb.jp/@1glassie/works/24, 7000
https://skeb.jp/@1glassie/works/5, 7000
https://skeb.jp/@3_uobone3/works/4, 7000
https://skeb.jp/@4rnoux/works/44, 7000
https://skeb.jp/@abatiko0219/works/96, 7000
https://skeb.jp/@abatiko0219/works/95, 7000
https://skeb.jp/@abatiko0219/works/92, 7000
https://skeb.jp/@abatiko0219/works/88, 7000
https://skeb.jp/@abatiko0219/works/84, 7000
https://skeb.jp/@abatiko0219/works/82, 7000
https://skeb.jp/@abatiko0219/works/80, 7000
https://skeb.jp/@abatiko0219/works/79, 7000
https://skeb.jp/@abatiko0219/works/78, 7000
https://skeb.jp/@abatiko0219/works/77, 7000
https://skeb.jp/@abatiko0219/works/76, 7000
https://skeb.jp/@abatiko0219/works/74, 7000
https://skeb.jp/@abatiko0219/works/73, 7000
https://skeb.jp/@abatiko0219/works/71, 7000
https://skeb.jp/@abatiko0219/works/70, 7000
https://skeb.jp/@abatiko0219/works/67, 7000
https://skeb.jp/@ab_beniiro/works/13, 7000
https://skeb.jp/@ao2is/works/50, 7000
https://skeb.jp/@ao2is/works/36, 7000
https://skeb.jp/@Argo_slothcat2/works/6, 7000
https://skeb.jp/@balanse_991/works/10, 7000
https://skeb.jp/@balanse_991/works/4, 7000
https://skeb.jp/@Bee91053336/works/20, 7000
https://skeb.jp/@Bee91053336/works/18, 7000
https://skeb.jp/@Bee91053336/works/2, 7000
https://skeb.jp/@charynya/works/56, 7000
https://skeb.jp/@Dr_Yamero/works/344, 7000
https://skeb.jp/@Dyginguar/works/68, 7000
https://skeb.jp/@d_mljo/works/41, 7000
https://skeb.jp/@echiki_Y/works/40, 7000
https://skeb.jp/@Eeveryster/works/104, 7000
https://skeb.jp/@em_ivy_akippoi/works/35, 7000
https://skeb.jp/@em_ivy_akippoi/works/32, 7000
https://skeb.jp/@fatherlobin/works/5, 7000
https://skeb.jp/@ganbarutoufu/works/15, 7000
https://skeb.jp/@hasei01/works/82, 7000
https://skeb.jp/@hy_ena_kun/works/2, 7000
https://skeb.jp/@h_816/works/151, 7000
https://skeb.jp/@ineka/works/5, 7000
https://skeb.jp/@kagenosora/works/5, 7000
https://skeb.jp/@KagerouTsubaki/works/8, 7000
https://skeb.jp/@kamisamanosaba/works/3, 7000
https://skeb.jp/@kamisamanosaba/works/1, 7000
https://skeb.jp/@kareeoishii/works/16, 7000
https://skeb.jp/@konayuki_144/works/17, 7000
https://skeb.jp/@kumakuma_32/works/64, 7000
https://skeb.jp/@kurokurage13/works/29, 7000
https://skeb.jp/@kurokurage13/works/22, 7000
https://skeb.jp/@kurokurage13/works/18, 7000
https://skeb.jp/@langley1000_/works/24, 7000
https://skeb.jp/@LOVE_mofu_love/works/72, 7000
https://skeb.jp/@LOVE_mofu_love/works/62, 7000
https://skeb.jp/@LOVE_mofu_love/works/54, 7000
https://skeb.jp/@LUZmofiiyo/works/26, 7000
https://skeb.jp/@mame_denkyuu_/works/5, 7000
https://skeb.jp/@mirei2634/works/60, 7000
https://skeb.jp/@misosiru_0224/works/72, 7000
https://skeb.jp/@mofugeya/works/12, 7000
https://skeb.jp/@momoya_tcbn/works/8, 7000
https://skeb.jp/@momoya_tcbn/works/6, 7000
https://skeb.jp/@nabatabatabata/works/2, 7000
https://skeb.jp/@naosuke_ee/works/15, 7000
https://skeb.jp/@nidoneane/works/130, 7000
https://skeb.jp/@No_____305/works/124, 7000
https://skeb.jp/@nyan_drow/works/11, 7000
https://skeb.jp/@nyan_drow/works/10, 7000
https://skeb.jp/@nyan_drow/works/8, 7000
https://skeb.jp/@nyan_drow/works/7, 7000
https://skeb.jp/@okome_no_su/works/2, 7000
https://skeb.jp/@outlord_s/works/37, 7000
https://skeb.jp/@outlord_s/works/27, 7000
https://skeb.jp/@outlord_s/works/21, 7000
https://skeb.jp/@pookke33/works/17, 7000
https://skeb.jp/@puriketubatto/works/42, 7000
https://skeb.jp/@saku346/works/29, 7000
https://skeb.jp/@saku346/works/25, 7000
https://skeb.jp/@sana79261827/works/320, 7000
https://skeb.jp/@SCARE_SWALLOW/works/2, 7000
https://skeb.jp/@sheeps_365/works/9, 7000
https://skeb.jp/@sheeps_365/works/7, 7000
https://skeb.jp/@shirohane_maru/works/56, 7000
https://skeb.jp/@shirohane_maru/works/48, 7000
https://skeb.jp/@shirohane_maru/works/47, 7000
https://skeb.jp/@shirohane_maru/works/46, 7000
https://skeb.jp/@shirohane_maru/works/44, 7000
https://skeb.jp/@shirohane_maru/works/43, 7000
https://skeb.jp/@shirohane_maru/works/41, 7000
https://skeb.jp/@shirohane_maru/works/39, 7000
https://skeb.jp/@shirohane_maru/works/35, 7000
https://skeb.jp/@shitanonono/works/3, 7000
https://skeb.jp/@shitanonono/works/1, 7000
https://skeb.jp/@siraai_nui2/works/2, 7000
https://skeb.jp/@sizma/works/19, 7000
https://skeb.jp/@sizma/works/13, 7000
https://skeb.jp/@sizma/works/8, 7000
https://skeb.jp/@tamu_trpg/works/2, 7000
https://skeb.jp/@teracotta1213/works/19, 7000
https://skeb.jp/@teracotta1213/works/17, 7000
https://skeb.jp/@toguzatta/works/3, 7000
https://skeb.jp/@umazurra_/works/3, 7000
https://skeb.jp/@wakahima0099/works/7, 7000
https://skeb.jp/@Yakoukoudan96/works/23, 7000
https://skeb.jp/@Yakoukoudan96/works/6, 7000
https://skeb.jp/@yuve2625/works/45, 7000
https://skeb.jp/@yuve2625/works/40, 7000
https://skeb.jp/@yuve2625/works/37, 7000
https://skeb.jp/@yuve2625/works/34, 7000
https://skeb.jp/@_mim316/works/85, 7000
https://skeb.jp/@negaizumu/works/6, 7500
https://skeb.jp/@Niketto551/works/24, 7500
https://skeb.jp/@popkage/works/139, 7500
https://skeb.jp/@Tea_Jar_______/works/1, 7500
https://skeb.jp/@yukiminoideyu/works/471, 7500
https://skeb.jp/@bound_wolves/works/11, 7800
https://skeb.jp/@bound_wolves/works/9, 7800
https://skeb.jp/@bound_wolves/works/6, 7800
https://skeb.jp/@bound_wolves/works/5, 7800
https://skeb.jp/@bound_wolves/works/4, 7800
https://skeb.jp/@bound_wolves/works/2, 7800
https://skeb.jp/@0508madaramoyou/works/26, 8000
https://skeb.jp/@10millhk/works/142, 8000
https://skeb.jp/@832bukkaketai/works/1, 8000
https://skeb.jp/@advocate__B/works/11, 8000
https://skeb.jp/@AgitoRyuusaki/works/150, 8000
https://skeb.jp/@AgitoRyuusaki/works/138, 8000
https://skeb.jp/@akitaka_/works/85, 8000
https://skeb.jp/@akitaka_/works/79, 8000
https://skeb.jp/@amakusaamegi/works/2, 8000
https://skeb.jp/@armr1122/works/4, 8000
https://skeb.jp/@armr1122/works/1, 8000
https://skeb.jp/@ayashii_sprites/works/25, 8000
https://skeb.jp/@ayashii_sprites/works/21, 8000
https://skeb.jp/@ayashii_sprites/works/8, 8000
https://skeb.jp/@cactus_tok/works/17, 8000
https://skeb.jp/@caloupgaro/works/9, 8000
https://skeb.jp/@Cedaro/works/8, 8000
https://skeb.jp/@chi_tiu/works/96, 8000
https://skeb.jp/@chi_tiu/works/86, 8000
https://skeb.jp/@chi_tiu/works/75, 8000
https://skeb.jp/@cx_oa2/works/42, 8000
https://skeb.jp/@cx_oa2/works/33, 8000
https://skeb.jp/@cx_oa2/works/25, 8000
https://skeb.jp/@dddddd0_0bbbbbb/works/15, 8000
https://skeb.jp/@deathoekaki/works/11, 8000
https://skeb.jp/@Doro9363/works/53, 8000
https://skeb.jp/@Drawing_Lovo/works/2, 8000
https://skeb.jp/@eichi_doraking/works/20, 8000
https://skeb.jp/@epii_m1/works/12, 8000
https://skeb.jp/@eubalaena_117/works/65, 8000
https://skeb.jp/@eubalaena_117/works/63, 8000
https://skeb.jp/@footprintofisna/works/157, 8000
https://skeb.jp/@footprintofisna/works/147, 8000
https://skeb.jp/@fucking_yabai/works/7, 8000
https://skeb.jp/@Full_chihaya/works/46, 8000
https://skeb.jp/@furry_funnychan/works/13, 8000
https://skeb.jp/@furry_funnychan/works/9, 8000
https://skeb.jp/@furry_funnychan/works/8, 8000
https://skeb.jp/@gigash/works/36, 8000
https://skeb.jp/@gigash/works/28, 8000
https://skeb.jp/@Hana_mugi0v0/works/7, 8000
https://skeb.jp/@HiiRagi__219/works/22, 8000
https://skeb.jp/@himajinsan0401/works/91, 8000
https://skeb.jp/@hiramine_akira/works/5, 8000
https://skeb.jp/@hiss_Jararaca/works/8, 8000
https://skeb.jp/@howling_wolves/works/9, 8000
https://skeb.jp/@husamochi_coo/works/63, 8000
https://skeb.jp/@husamochi_coo/works/50, 8000
https://skeb.jp/@illustratchaco/works/38, 8000
https://skeb.jp/@illustratchaco/works/15, 8000
https://skeb.jp/@illustratchaco/works/12, 8000
https://skeb.jp/@iu15236376/works/44, 8000
https://skeb.jp/@jky_iz/works/29, 8000
https://skeb.jp/@jonstrange0613/works/8, 8000
https://skeb.jp/@jonstrange0613/works/4, 8000
https://skeb.jp/@jonstrange0613/works/3, 8000
https://skeb.jp/@jonstrange0613/works/2, 8000
https://skeb.jp/@kachoufuugetu4/works/3, 8000
https://skeb.jp/@Kamino_Daichi/works/25, 8000
https://skeb.jp/@kani_aji_/works/12, 8000
https://skeb.jp/@kani_aji_/works/7, 8000
https://skeb.jp/@kani_aji_/works/6, 8000
https://skeb.jp/@kinshun76501/works/38, 8000
https://skeb.jp/@kinshun76501/works/16, 8000
https://skeb.jp/@kusochibikemona/works/14, 8000
https://skeb.jp/@kusochibikemona/works/12, 8000
https://skeb.jp/@kwgt_mura/works/19, 8000
https://skeb.jp/@kyorerei/works/22, 8000
https://skeb.jp/@launcher_r/works/63, 8000
https://skeb.jp/@LonelyLoveness/works/1, 8000
https://skeb.jp/@lycos_zzz/works/19, 8000
https://skeb.jp/@lycos_zzz/works/18, 8000
https://skeb.jp/@maiq06/works/40, 8000
https://skeb.jp/@maitopartan/works/1, 8000
https://skeb.jp/@manabeku_pm/works/7, 8000
https://skeb.jp/@MiDoshirayuri/works/18, 8000
https://skeb.jp/@MiDoshirayuri/works/14, 8000
https://skeb.jp/@MiDoshirayuri/works/13, 8000
https://skeb.jp/@mitsu349/works/41, 8000
https://skeb.jp/@mnpkpkpk/works/2, 8000
https://skeb.jp/@Mortarmoth/works/44, 8000
https://skeb.jp/@Mortarmoth/works/26, 8000
https://skeb.jp/@namaenakiman1/works/107, 8000
https://skeb.jp/@neko_T_Chan/works/22, 8000
https://skeb.jp/@neko_T_Chan/works/19, 8000
https://skeb.jp/@neko_T_Chan/works/18, 8000
https://skeb.jp/@neko_T_Chan/works/2, 8000
https://skeb.jp/@NexustheLife/works/142, 8000
https://skeb.jp/@NishNish5319/works/21, 8000
https://skeb.jp/@NishNish5319/works/20, 8000
https://skeb.jp/@NishNish5319/works/19, 8000
https://skeb.jp/@NishNish5319/works/18, 8000
https://skeb.jp/@NishNish5319/works/17, 8000
https://skeb.jp/@NishNish5319/works/15, 8000
https://skeb.jp/@NishNish5319/works/13, 8000
https://skeb.jp/@NishNish5319/works/12, 8000
https://skeb.jp/@NishNish5319/works/11, 8000
https://skeb.jp/@NishNish5319/works/9, 8000
https://skeb.jp/@NishNish5319/works/8, 8000
https://skeb.jp/@NishNish5319/works/3, 8000
https://skeb.jp/@noamem_/works/20, 8000
https://skeb.jp/@noamem_/works/5, 8000
https://skeb.jp/@noamem_/works/2, 8000
https://skeb.jp/@noamem_/works/1, 8000
https://skeb.jp/@nonomai25/works/46, 8000
https://skeb.jp/@nonomai25/works/30, 8000
https://skeb.jp/@norixio55/works/39, 8000
https://skeb.jp/@odorutora3/works/59, 8000
https://skeb.jp/@odorutora3/works/57, 8000
https://skeb.jp/@odorutora3/works/55, 8000
https://skeb.jp/@odorutora3/works/52, 8000
https://skeb.jp/@odorutora3/works/49, 8000
https://skeb.jp/@odorutora3/works/45, 8000
https://skeb.jp/@otamin_2/works/21, 8000
https://skeb.jp/@ou_syoku7/works/70, 8000
https://skeb.jp/@Oyasumi_Nidone/works/40, 8000
https://skeb.jp/@Para3369noido11/works/14, 8000
https://skeb.jp/@Para3369noido11/works/11, 8000
https://skeb.jp/@peshikko/works/30, 8000
https://skeb.jp/@Poaceae_i/works/39, 8000
https://skeb.jp/@Poaceae_i/works/34, 8000
https://skeb.jp/@pokooomi/works/72, 8000
https://skeb.jp/@puss3250/works/28, 8000
https://skeb.jp/@puss3250/works/2, 8000
https://skeb.jp/@RAINBOW_777_/works/36, 8000
https://skeb.jp/@rororouuuu/works/18, 8000
https://skeb.jp/@rrrro792/works/21, 8000
https://skeb.jp/@RtoU_Dokey/works/53, 8000
https://skeb.jp/@seaside_minami/works/6, 8000
https://skeb.jp/@SeekingOxygen/works/73, 8000
https://skeb.jp/@sesami_sesasesa/works/26, 8000
https://skeb.jp/@Shaaan_grilaaaa/works/56, 8000
https://skeb.jp/@shii595/works/1, 8000
https://skeb.jp/@slow_nama/works/16, 8000
https://skeb.jp/@StefVanian/works/15, 8000
https://skeb.jp/@sushi_umasugiii/works/27, 8000
https://skeb.jp/@taganogi/works/4, 8000
https://skeb.jp/@tatsupokopon/works/94, 8000
https://skeb.jp/@torimoti3/works/46, 8000
https://skeb.jp/@tratimerain/works/15, 8000
https://skeb.jp/@ugui_minasoco/works/63, 8000
https://skeb.jp/@UoSakana_oO/works/133, 8000
https://skeb.jp/@UoSakana_oO/works/117, 8000
https://skeb.jp/@Urusai_nu/works/121, 8000
https://skeb.jp/@Urusai_nu/works/115, 8000
https://skeb.jp/@Wakameyogurt/works/62, 8000
https://skeb.jp/@water_noodle/works/142, 8000
https://skeb.jp/@water_noodle/works/132, 8000
https://skeb.jp/@xmIGNxTHNqXwQbW/works/20, 8000
https://skeb.jp/@yabunousagi_/works/7, 8000
https://skeb.jp/@yabunousagi_/works/1, 8000
https://skeb.jp/@yumambo/works/62, 8000
https://skeb.jp/@_hotLiq2/works/10, 8000
https://skeb.jp/@chikuwa222/works/8, 8500
https://skeb.jp/@happier10201/works/123, 8500
https://skeb.jp/@kmn357loudon/works/37, 8500
https://skeb.jp/@pokochu/works/49, 8800
https://skeb.jp/@pokochu/works/39, 8800
https://skeb.jp/@ajiyoshi7/works/30, 9000
https://skeb.jp/@animallain/works/122, 9000
https://skeb.jp/@animallain/works/105, 9000
https://skeb.jp/@Aru7g/works/79, 9000
https://skeb.jp/@Aru7g/works/63, 9000
https://skeb.jp/@Aruma_Ribon/works/65, 9000
https://skeb.jp/@Aruma_Ribon/works/50, 9000
https://skeb.jp/@Aruma_Ribon/works/46, 9000
https://skeb.jp/@Asakura_kento/works/8, 9000
https://skeb.jp/@AtAt_AtAtelier/works/23, 9000
https://skeb.jp/@AtAt_AtAtelier/works/12, 9000
https://skeb.jp/@Bismaki/works/244, 9000
https://skeb.jp/@c_geyser/works/69, 9000
https://skeb.jp/@c_geyser/works/68, 9000
https://skeb.jp/@Feneco_e/works/28, 9000
https://skeb.jp/@furisuku_142/works/44, 9000
https://skeb.jp/@gahahagyaha/works/11, 9000
https://skeb.jp/@hashihirok80881/works/24, 9000
https://skeb.jp/@Himawariwanko/works/14, 9000
https://skeb.jp/@Himawariwanko/works/5, 9000
https://skeb.jp/@Himawariwanko/works/4, 9000
https://skeb.jp/@hino_evening/works/42, 9000
https://skeb.jp/@hino_evening/works/27, 9000
https://skeb.jp/@hyouga617/works/104, 9000
https://skeb.jp/@h_rin0u0/works/1, 9000
https://skeb.jp/@jetcarrot/works/3, 9000
https://skeb.jp/@kadomarco/works/36, 9000
https://skeb.jp/@ke_mo_suke/works/105, 9000
https://skeb.jp/@ke_mo_suke/works/103, 9000
https://skeb.jp/@lamer962/works/13, 9000
https://skeb.jp/@magyo6/works/55, 9000
https://skeb.jp/@manyou800/works/17, 9000
https://skeb.jp/@Mashi6Taka/works/11, 9000
https://skeb.jp/@matomarukun86/works/28, 9000
https://skeb.jp/@matomarukun86/works/7, 9000
https://skeb.jp/@MEKKYARU824/works/71, 9000
https://skeb.jp/@MHVaGArbMe9jINv/works/24, 9000
https://skeb.jp/@MHVaGArbMe9jINv/works/11, 9000
https://skeb.jp/@MHVaGArbMe9jINv/works/8, 9000
https://skeb.jp/@mikan_niku9/works/14, 9000
https://skeb.jp/@misaki_furry515/works/364, 9000
https://skeb.jp/@misaki_furry515/works/349, 9000
https://skeb.jp/@Mountain_182/works/26, 9000
https://skeb.jp/@mujimuji1010/works/90, 9000
https://skeb.jp/@nantoka61/works/106, 9000
https://skeb.jp/@nefuraito336/works/4, 9000
https://skeb.jp/@NEO_lapis_/works/48, 9000
https://skeb.jp/@NONZiLe/works/9, 9000
https://skeb.jp/@nooondeep/works/2, 9000
https://skeb.jp/@nueko829/works/66, 9000
https://skeb.jp/@OCDBPD/works/3, 9000
https://skeb.jp/@OCDBPD/works/2, 9000
https://skeb.jp/@penpenpen0905/works/16, 9000
https://skeb.jp/@PepUnti/works/32, 9000
https://skeb.jp/@Ray_skeb_honya/works/6, 9000
https://skeb.jp/@reruponzu/works/88, 9000
https://skeb.jp/@reruponzu/works/60, 9000
https://skeb.jp/@saku_no135/works/18, 9000
https://skeb.jp/@Sawarabi_2000/works/12, 9000
https://skeb.jp/@Shitan_cha/works/11, 9000
https://skeb.jp/@sisa_chi/works/62, 9000
https://skeb.jp/@Tel0915/works/143, 9000
https://skeb.jp/@tttome_01/works/1, 9000
https://skeb.jp/@tyanago/works/81, 9000
https://skeb.jp/@u56164459/works/102, 9000
https://skeb.jp/@wieneko138226/works/101, 9000
https://skeb.jp/@x_CHIKA_xx/works/99, 9000
https://skeb.jp/@yotubeya/works/158, 9000
https://skeb.jp/@Yukino_tokeru/works/37, 9000
https://skeb.jp/@_mbrz_/works/27, 9000
https://skeb.jp/@aki0813tsukiii/works/39, 9500
https://skeb.jp/@aki0813tsukiii/works/37, 9500
https://skeb.jp/@bakuinu2/works/24, 9500
https://skeb.jp/@16hiroorih61/works/42, 9900
https://skeb.jp/@16hiroorih61/works/25, 9900
https://skeb.jp/@mei_kemo/works/67, 9900
https://skeb.jp/@82eirian25/works/4, 10000
https://skeb.jp/@agoitigo/works/26, 10000
https://skeb.jp/@agoitigo/works/23, 10000
https://skeb.jp/@agoitigo/works/22, 10000
https://skeb.jp/@agoitigo/works/21, 10000
https://skeb.jp/@agoitigo/works/18, 10000
https://skeb.jp/@agoitigo/works/17, 10000
https://skeb.jp/@agoitigo/works/15, 10000
https://skeb.jp/@agoitigo/works/12, 10000
https://skeb.jp/@agoitigo/works/11, 10000
https://skeb.jp/@agoitigo/works/10, 10000
https://skeb.jp/@agoitigo/works/8, 10000
https://skeb.jp/@agoitigo/works/6, 10000
https://skeb.jp/@agoitigo/works/3, 10000
https://skeb.jp/@akaist332211/works/51, 10000
https://skeb.jp/@akaist332211/works/47, 10000
https://skeb.jp/@akio_mstk/works/62, 10000
https://skeb.jp/@amagasi888/works/33, 10000
https://skeb.jp/@amagasi888/works/18, 10000
https://skeb.jp/@amenendo_23/works/14, 10000
https://skeb.jp/@amenendo_23/works/11, 10000
https://skeb.jp/@anna0911031/works/80, 10000
https://skeb.jp/@aries_bug/works/7, 10000
https://skeb.jp/@blair_twintetra/works/25, 10000
https://skeb.jp/@blair_twintetra/works/12, 10000
https://skeb.jp/@ch4_n2o/works/155, 10000
https://skeb.jp/@coz_xia/works/39, 10000
https://skeb.jp/@coz_xia/works/20, 10000
https://skeb.jp/@Denyfake/works/53, 10000
https://skeb.jp/@Denyfake/works/52, 10000
https://skeb.jp/@endoudouhuRau/works/1, 10000
https://skeb.jp/@Ewig_ul/works/104, 10000
https://skeb.jp/@Ewig_ul/works/93, 10000
https://skeb.jp/@furusa5481/works/16, 10000
https://skeb.jp/@furusa5481/works/13, 10000
https://skeb.jp/@GA_MU_U/works/2, 10000
https://skeb.jp/@gloating_gracie/works/44, 10000
https://skeb.jp/@gurandoherutu/works/166, 10000
https://skeb.jp/@hakidashi_11/works/36, 10000
https://skeb.jp/@harukaze_noda/works/26, 10000
https://skeb.jp/@hatoyasa/works/9, 10000
https://skeb.jp/@hiromusan_1125/works/20, 10000
https://skeb.jp/@hosisorara/works/27, 10000
https://skeb.jp/@isu66424484/works/49, 10000
https://skeb.jp/@janepoyo/works/91, 10000
https://skeb.jp/@jkljkl157/works/41, 10000
https://skeb.jp/@kagalli13/works/19, 10000
https://skeb.jp/@kanbesan160/works/10, 10000
https://skeb.jp/@KaryuHana/works/28, 10000
https://skeb.jp/@KAY_46_NRB/works/4, 10000
https://skeb.jp/@Ka_ramono/works/10, 10000
https://skeb.jp/@kedamamax/works/119, 10000
https://skeb.jp/@kiro247/works/46, 10000
https://skeb.jp/@kokushiki/works/51, 10000
https://skeb.jp/@konomi_150/works/166, 10000
https://skeb.jp/@kotoboooookey/works/4, 10000
https://skeb.jp/@kuo0/works/141, 10000
https://skeb.jp/@kurumiken/works/49, 10000
https://skeb.jp/@Luichan_LIKE/works/9, 10000
https://skeb.jp/@Luichan_LIKE/works/5, 10000
https://skeb.jp/@Luichan_LIKE/works/1, 10000
https://skeb.jp/@mametunu/works/4, 10000
https://skeb.jp/@MEGAHAMCO/works/5, 10000
https://skeb.jp/@meltyhip/works/80, 10000
https://skeb.jp/@milkmilk12_FF14/works/67, 10000
https://skeb.jp/@mino_031/works/47, 10000
https://skeb.jp/@mokomokoningen/works/13, 10000
https://skeb.jp/@morukahi/works/62, 10000
https://skeb.jp/@mrfreeze_estoid/works/6, 10000
https://skeb.jp/@mxjhf/works/19, 10000
https://skeb.jp/@myado38/works/22, 10000
https://skeb.jp/@mz_marine/works/71, 10000
https://skeb.jp/@mz_marine/works/61, 10000
https://skeb.jp/@nakazakitow/works/211, 10000
https://skeb.jp/@namegnsn133/works/10, 10000
https://skeb.jp/@Namihey_1027/works/58, 10000
https://skeb.jp/@nanase_masato/works/8, 10000
https://skeb.jp/@nasumo5/works/5, 10000
https://skeb.jp/@nikki_kaitan/works/11, 10000
https://skeb.jp/@nikki_kaitan/works/7, 10000
https://skeb.jp/@NobinobiSochin/works/30, 10000
https://skeb.jp/@NobinobiSochin/works/17, 10000
https://skeb.jp/@NobinobiSochin/works/13, 10000
https://skeb.jp/@nonbiri365/works/4, 10000
https://skeb.jp/@norea1124/works/79, 10000
https://skeb.jp/@norea1124/works/76, 10000
https://skeb.jp/@norea1124/works/65, 10000
https://skeb.jp/@norea1124/works/62, 10000
https://skeb.jp/@nukani_shio/works/30, 10000
https://skeb.jp/@Okkinatintin_O/works/94, 10000
https://skeb.jp/@orochitai061/works/236, 10000
https://skeb.jp/@osukeb/works/20, 10000
https://skeb.jp/@P0AG5jTeKl42868/works/38, 10000
https://skeb.jp/@P0AG5jTeKl42868/works/20, 10000
https://skeb.jp/@petchti/works/27, 10000
https://skeb.jp/@pikapika100star/works/43, 10000
https://skeb.jp/@pikapika100star/works/30, 10000
https://skeb.jp/@riman13682518/works/12, 10000
https://skeb.jp/@rinrinwolf/works/517, 10000
https://skeb.jp/@rinrinwolf/works/507, 10000
https://skeb.jp/@riri08poster/works/5, 10000
https://skeb.jp/@saburoku_H/works/14, 10000
https://skeb.jp/@saijakuonuru/works/38, 10000
https://skeb.jp/@saijakuonuru/works/29, 10000
https://skeb.jp/@satoss/works/62, 10000
https://skeb.jp/@satoss/works/47, 10000
https://skeb.jp/@SBR2933090/works/6, 10000
https://skeb.jp/@Setzenbbys/works/26, 10000
https://skeb.jp/@Shikoomaru/works/30, 10000
https://skeb.jp/@Shikoomaru/works/22, 10000
https://skeb.jp/@Shikoomaru/works/17, 10000
https://skeb.jp/@Shikoomaru/works/11, 10000
https://skeb.jp/@Shikoomaru/works/5, 10000
https://skeb.jp/@Shikoomaru/works/3, 10000
https://skeb.jp/@shinonome_Nashi/works/21, 10000
https://skeb.jp/@shirokane/works/10, 10000
https://skeb.jp/@shirokane/works/9, 10000
https://skeb.jp/@shiryu0308/works/10, 10000
https://skeb.jp/@shutenndouji1/works/116, 10000
https://skeb.jp/@sichinotuki/works/85, 10000
https://skeb.jp/@singapura_ar/works/33, 10000
https://skeb.jp/@SINI/works/1, 10000
https://skeb.jp/@skk_sakaka/works/1, 10000
https://skeb.jp/@smile435/works/20, 10000
https://skeb.jp/@sokosokomichi/works/64, 10000
https://skeb.jp/@sutunununu/works/401, 10000
https://skeb.jp/@takatma_paint/works/8, 10000
https://skeb.jp/@tiastias9/works/11, 10000
https://skeb.jp/@tikaraistikara/works/44, 10000
https://skeb.jp/@Tottori_otori/works/31, 10000
https://skeb.jp/@Tottori_otori/works/27, 10000
https://skeb.jp/@Tottori_otori/works/12, 10000
https://skeb.jp/@tsuchibori/works/13, 10000
https://skeb.jp/@tunatiki11/works/5, 10000
https://skeb.jp/@unitaroukun/works/33, 10000
https://skeb.jp/@uso_1023/works/115, 10000
https://skeb.jp/@www88ex/works/12, 10000
https://skeb.jp/@xxxS__N/works/50, 10000
https://skeb.jp/@ymd95/works/104, 10000
https://skeb.jp/@ymd95/works/100, 10000
https://skeb.jp/@yukimaru_0721/works/24, 10000
https://skeb.jp/@yukimaru_0721/works/22, 10000
https://skeb.jp/@zad_orein/works/75, 10000
https://skeb.jp/@_akame/works/61, 10000
https://skeb.jp/@_kabikiller/works/12, 10000
https://skeb.jp/@_nagi_onemu/works/248, 10000
https://skeb.jp/@__ruyu/works/27, 10000
https://skeb.jp/@0mfmff/works/112, 11000
https://skeb.jp/@0mfmff/works/109, 11000
https://skeb.jp/@3ka7no__/works/15, 11000
https://skeb.jp/@3ka7no__/works/10, 11000
https://skeb.jp/@85_2wa/works/29, 11000
https://skeb.jp/@akubiMtcat/works/53, 11000
https://skeb.jp/@BRTRmilk_/works/9, 11000
https://skeb.jp/@chiri_hoshino/works/42, 11000
https://skeb.jp/@COmizk/works/125, 11000
https://skeb.jp/@etezarumonkey/works/44, 11000
https://skeb.jp/@jira_hosi2/works/52, 11000
https://skeb.jp/@katahane3/works/91, 11000
https://skeb.jp/@koto0v0haru/works/270, 11000
https://skeb.jp/@kyotyanehh/works/6, 11000
https://skeb.jp/@LITEU/works/174, 11000
https://skeb.jp/@marudoll/works/19, 11000
https://skeb.jp/@master5475/works/54, 11000
https://skeb.jp/@mochiiinyam/works/57, 11000
https://skeb.jp/@mochiiinyam/works/51, 11000
https://skeb.jp/@mochiiinyam/works/33, 11000
https://skeb.jp/@Rainr_Canon/works/51, 11000
https://skeb.jp/@Rainr_Canon/works/38, 11000
https://skeb.jp/@Rainr_Canon/works/37, 11000
https://skeb.jp/@Rainr_Canon/works/31, 11000
https://skeb.jp/@Rainr_Canon/works/29, 11000
https://skeb.jp/@rethnick/works/29, 11000
https://skeb.jp/@ryksn1297/works/203, 11000
https://skeb.jp/@shirukokko/works/50, 11000
https://skeb.jp/@tsukishiro_za/works/68, 11000
https://skeb.jp/@tubasa9940/works/64, 11000
https://skeb.jp/@tubasa9940/works/46, 11000
https://skeb.jp/@tubasa9940/works/43, 11000
https://skeb.jp/@waya4696/works/129, 11000
https://skeb.jp/@xbakoukix/works/217, 11000
https://skeb.jp/@xbakoukix/works/211, 11000
https://skeb.jp/@yurikawa611/works/1, 11000
https://skeb.jp/@strangepop/works/622, 11800
https://skeb.jp/@12beat13/works/183, 12000
https://skeb.jp/@1758Rainn/works/47, 12000
https://skeb.jp/@9rimson/works/76, 12000
https://skeb.jp/@Acid_Snake_YoG/works/102, 12000
https://skeb.jp/@DIYHiGE_/works/32, 12000
https://skeb.jp/@Emil221B/works/52, 12000
https://skeb.jp/@fiore_poppin/works/14, 12000
https://skeb.jp/@fiore_poppin/works/12, 12000
https://skeb.jp/@flexiblepain/works/34, 12000
https://skeb.jp/@gamibueeee/works/274, 12000
https://skeb.jp/@Gramgarage9/works/5, 12000
https://skeb.jp/@haruba_rayden2/works/337, 12000
https://skeb.jp/@hebaroda03/works/109, 12000
https://skeb.jp/@hebaroda03/works/91, 12000
https://skeb.jp/@inukaixx/works/48, 12000
https://skeb.jp/@Kam_Unagi28/works/12, 12000
https://skeb.jp/@kinakomochi/works/59, 12000
https://skeb.jp/@kinakomochi/works/47, 12000
https://skeb.jp/@klm1511/works/56, 12000
https://skeb.jp/@Konome_maru/works/75, 12000
https://skeb.jp/@kurocazenosora/works/623, 12000
https://skeb.jp/@kutuziro/works/47, 12000
https://skeb.jp/@M8Ea3/works/94, 12000
https://skeb.jp/@metaporin_/works/4, 12000
https://skeb.jp/@MirukuLamune/works/27, 12000
https://skeb.jp/@MIRU_cocoa/works/25, 12000
https://skeb.jp/@nino_onodera/works/94, 12000
https://skeb.jp/@NIxxxRA/works/15, 12000
https://skeb.jp/@nomerunoka_milk/works/10, 12000
https://skeb.jp/@nyosaku/works/109, 12000
https://skeb.jp/@nyosaku/works/108, 12000
https://skeb.jp/@olanon0821/works/16, 12000
https://skeb.jp/@purin9987/works/59, 12000
https://skeb.jp/@purin9987/works/57, 12000
https://skeb.jp/@purin9987/works/53, 12000
https://skeb.jp/@purin9987/works/52, 12000
https://skeb.jp/@purin9987/works/39, 12000
https://skeb.jp/@rinrin_doujin/works/65, 12000
https://skeb.jp/@roah_83/works/91, 12000
https://skeb.jp/@roah_83/works/72, 12000
https://skeb.jp/@rzs_b5n/works/39, 12000
https://skeb.jp/@shir0kur0_bw/works/23, 12000
https://skeb.jp/@smd_yubune/works/43, 12000
https://skeb.jp/@sumiwohakuneko/works/15, 12000
https://skeb.jp/@sumiwohakuneko/works/13, 12000
https://skeb.jp/@sya_furry/works/43, 12000
https://skeb.jp/@sya_furry/works/40, 12000
https://skeb.jp/@sya_furry/works/31, 12000
https://skeb.jp/@sya_furry/works/30, 12000
https://skeb.jp/@sya_furry/works/25, 12000
https://skeb.jp/@tansan0722/works/3, 12000
https://skeb.jp/@tatsuminorensyu/works/42, 12000
https://skeb.jp/@tepowari/works/360, 12000
https://skeb.jp/@tera_zilla/works/21, 12000
https://skeb.jp/@Tim90B/works/32, 12000
https://skeb.jp/@Tim90B/works/31, 12000
https://skeb.jp/@uzkiuz/works/60, 12000
https://skeb.jp/@Whitill_fluffy/works/32, 12000
https://skeb.jp/@xxsoyjZJma3zsPO/works/41, 12000
https://skeb.jp/@Yabachi_3/works/7, 12000
https://skeb.jp/@yotsumoto92/works/88, 12000
https://skeb.jp/@yotsumoto92/works/73, 12000
https://skeb.jp/@yotsumoto92/works/70, 12000
https://skeb.jp/@yotsumoto92/works/69, 12000
https://skeb.jp/@yotsumoto92/works/68, 12000
https://skeb.jp/@yotsumoto92/works/66, 12000
https://skeb.jp/@youhan55QQ/works/73, 12000
https://skeb.jp/@yuenineru/works/18, 12000
https://skeb.jp/@Yuri3_yone/works/4, 12000
https://skeb.jp/@zgmf_x11d/works/57, 12000
https://skeb.jp/@Hiraume42/works/41, 12500
https://skeb.jp/@Hiraume42/works/39, 12500
https://skeb.jp/@mgmg23kmf/works/110, 12500
https://skeb.jp/@mgmg23kmf/works/105, 12500
https://skeb.jp/@mgmg23kmf/works/103, 12500
https://skeb.jp/@mgmg23kmf/works/97, 12500
https://skeb.jp/@mgmg23kmf/works/93, 12500
https://skeb.jp/@mgmg23kmf/works/90, 12500
https://skeb.jp/@mgmg23kmf/works/89, 12500
https://skeb.jp/@mgmg23kmf/works/87, 12500
https://skeb.jp/@mgmg23kmf/works/85, 12500
https://skeb.jp/@mzmz_sushiuma/works/52, 12500
https://skeb.jp/@Ni9oome/works/35, 12500
https://skeb.jp/@0k0j0563/works/135, 13000
https://skeb.jp/@akabashiyu/works/29, 13000
https://skeb.jp/@AKR_0502/works/107, 13000
https://skeb.jp/@arioriAK/works/145, 13000
https://skeb.jp/@BigKwl/works/41, 13000
https://skeb.jp/@BigKwl/works/38, 13000
https://skeb.jp/@BigKwl/works/37, 13000
https://skeb.jp/@gurigurisan91/works/4, 13000
https://skeb.jp/@hayamohayamo/works/8, 13000
https://skeb.jp/@kuromaruxxx/works/70, 13000
https://skeb.jp/@kyameta1/works/34, 13000
https://skeb.jp/@meke77842928/works/66, 13000
https://skeb.jp/@mosamosa_OC/works/21, 13000
https://skeb.jp/@m_mochio/works/15, 13000
https://skeb.jp/@NekotaBact/works/18, 13000
https://skeb.jp/@NeveYk/works/34, 13000
https://skeb.jp/@NeveYk/works/31, 13000
https://skeb.jp/@NeveYk/works/22, 13000
https://skeb.jp/@rew112111/works/148, 13000
https://skeb.jp/@seikeikei2015/works/11, 13000
https://skeb.jp/@skink_hisshiss/works/123, 13000
https://skeb.jp/@spommmm/works/112, 13000
https://skeb.jp/@spommmm/works/110, 13000
https://skeb.jp/@suzume_333/works/79, 13000
https://skeb.jp/@teroo11q_r18/works/161, 13000
https://skeb.jp/@whity___paria/works/235, 13000
https://skeb.jp/@XkonZigzagx/works/70, 13000
https://skeb.jp/@XkonZigzagx/works/55, 13000
https://skeb.jp/@yohi_blues/works/523, 13000
https://skeb.jp/@yokoyama_stp/works/41, 13000
https://skeb.jp/@z__z__amg1/works/21, 13000
https://skeb.jp/@z__z__amg1/works/15, 13000
https://skeb.jp/@0suzu_illust/works/139, 14000
https://skeb.jp/@19nosizima/works/83, 14000
https://skeb.jp/@1ga1ga1ga/works/177, 14000
https://skeb.jp/@1ga1ga1ga/works/172, 14000
https://skeb.jp/@1ga1ga1ga/works/169, 14000
https://skeb.jp/@aota_xxx/works/7, 14000
https://skeb.jp/@cynaka/works/67, 14000
https://skeb.jp/@dogfuji15/works/147, 14000
https://skeb.jp/@dogfuji15/works/145, 14000
https://skeb.jp/@dogfuji15/works/142, 14000
https://skeb.jp/@FUMOCHI_n/works/40, 14000
https://skeb.jp/@FUMOCHI_n/works/20, 14000
https://skeb.jp/@FUMOCHI_n/works/18, 14000
https://skeb.jp/@Galette71799907/works/125, 14000
https://skeb.jp/@Halalaika/works/45, 14000
https://skeb.jp/@Hyper_gamukaMIX/works/9, 14000
https://skeb.jp/@Hyper_gamukaMIX/works/3, 14000
https://skeb.jp/@iiiichimarU_03/works/127, 14000
https://skeb.jp/@inuuuuuuuun/works/49, 14000
https://skeb.jp/@kamo_ashi_/works/4, 14000
https://skeb.jp/@Kawaiimono_Yoi/works/186, 14000
https://skeb.jp/@Kawaiimono_Yoi/works/169, 14000
https://skeb.jp/@mb_akrnP/works/35, 14000
https://skeb.jp/@mug_orz/works/125, 14000
https://skeb.jp/@mug_orz/works/109, 14000
https://skeb.jp/@mug_orz/works/107, 14000
https://skeb.jp/@mug_orz/works/103, 14000
https://skeb.jp/@mug_orz/works/102, 14000
https://skeb.jp/@Oiseauminuscule/works/52, 14000
https://skeb.jp/@Oiseauminuscule/works/45, 14000
https://skeb.jp/@ookamihosi/works/11, 14000
https://skeb.jp/@o_i1606/works/12, 14000
https://skeb.jp/@o_i1606/works/10, 14000
https://skeb.jp/@sowasowart/works/199, 14000
https://skeb.jp/@usausainaba/works/19, 14000
https://skeb.jp/@AcnhIti/works/13, 15000
https://skeb.jp/@AcnhIti/works/6, 15000
https://skeb.jp/@ahiru_tokotoko/works/75, 15000
https://skeb.jp/@ahiru_tokotoko/works/69, 15000
https://skeb.jp/@arisugawa_5572/works/9, 15000
https://skeb.jp/@Bach_121/works/35, 15000
https://skeb.jp/@cho_midoriiro/works/15, 15000
https://skeb.jp/@dokosa_DHA/works/3, 15000
https://skeb.jp/@DRSN_EKIBEN131/works/15, 15000
https://skeb.jp/@haco_mori3/works/45, 15000
https://skeb.jp/@haruyukiko/works/9, 15000
https://skeb.jp/@hisui_foxy/works/107, 15000
https://skeb.jp/@ilca_san/works/3, 15000
https://skeb.jp/@kamenosachi/works/12, 15000
https://skeb.jp/@kamenosachi/works/7, 15000
https://skeb.jp/@karasuba_kakaka/works/13, 15000
https://skeb.jp/@katakoto_tktk/works/131, 15000
https://skeb.jp/@kinokoningen/works/79, 15000
https://skeb.jp/@kochigochiyumao/works/2, 15000
https://skeb.jp/@Kyu_kei02/works/84, 15000
https://skeb.jp/@Kyu_kei02/works/79, 15000
https://skeb.jp/@lowfart/works/1, 15000
https://skeb.jp/@Martin_048/works/44, 15000
https://skeb.jp/@mdr_choco/works/61, 15000
https://skeb.jp/@meido_yomi/works/23, 15000
https://skeb.jp/@meido_yomi/works/17, 15000
https://skeb.jp/@mihira_sanpei/works/11, 15000
https://skeb.jp/@Neku_daito/works/20, 15000
https://skeb.jp/@NeuSora/works/24, 15000
https://skeb.jp/@nizikuroryu/works/121, 15000
https://skeb.jp/@nkmn/works/93, 15000
https://skeb.jp/@nkmn/works/83, 15000
https://skeb.jp/@OneHaunt/works/151, 15000
https://skeb.jp/@piporinton/works/23, 15000
https://skeb.jp/@piporinton/works/21, 15000
https://skeb.jp/@piporinton/works/19, 15000
https://skeb.jp/@piporinton/works/15, 15000
https://skeb.jp/@piporinton/works/6, 15000
https://skeb.jp/@popochupo/works/12, 15000
https://skeb.jp/@pummeluff39/works/211, 15000
https://skeb.jp/@rdml_chashi/works/106, 15000
https://skeb.jp/@saidanica/works/3, 15000
https://skeb.jp/@sak_orz/works/45, 15000
https://skeb.jp/@shima01st/works/15, 15000
https://skeb.jp/@shimipan/works/10, 15000
https://skeb.jp/@shimipan/works/8, 15000
https://skeb.jp/@shimipan/works/1, 15000
https://skeb.jp/@shinobe6/works/111, 15000
https://skeb.jp/@shiriya_shiriya/works/9, 15000
https://skeb.jp/@sinkaikiiro/works/52, 15000
https://skeb.jp/@sio_rudo_y1/works/19, 15000
https://skeb.jp/@ssm6_6/works/30, 15000
https://skeb.jp/@tamitendo/works/39, 15000
https://skeb.jp/@Tekitoudeee/works/33, 15000
https://skeb.jp/@tina_metamin107/works/38, 15000
https://skeb.jp/@tirami_11/works/1, 15000
https://skeb.jp/@tokkyuumikan/works/46, 15000
https://skeb.jp/@tokkyuumikan/works/33, 15000
https://skeb.jp/@tozanago/works/10, 15000
https://skeb.jp/@tozanago/works/9, 15000
https://skeb.jp/@tozanago/works/8, 15000
https://skeb.jp/@tozanago/works/7, 15000
https://skeb.jp/@tozanago/works/4, 15000
https://skeb.jp/@TuberoseKotoki/works/29, 15000
https://skeb.jp/@TuberoseKotoki/works/24, 15000
https://skeb.jp/@TuberoseKotoki/works/23, 15000
https://skeb.jp/@TuberoseKotoki/works/14, 15000
https://skeb.jp/@umituki/works/200, 15000
https://skeb.jp/@umituki/works/179, 15000
https://skeb.jp/@uninosono/works/529, 15000
https://skeb.jp/@usausagitan/works/29, 15000
https://skeb.jp/@yellowsb2024/works/108, 15000
https://skeb.jp/@_shigemu_/works/7, 15000
https://skeb.jp/@ankocha_mgmg/works/21, 16000
https://skeb.jp/@hokkoinu/works/21, 16000
https://skeb.jp/@hokkoinu/works/18, 16000
https://skeb.jp/@hokkoinu/works/12, 16000
https://skeb.jp/@MukaibiAoi/works/36, 16000
https://skeb.jp/@ran_p1122/works/6, 16000
https://skeb.jp/@sbi_arki/works/108, 16000
https://skeb.jp/@shiimiwan/works/6, 16000
https://skeb.jp/@zmnjo1440/works/40, 16000
https://skeb.jp/@eguchi_tumoru/works/215, 17000
https://skeb.jp/@eguchi_tumoru/works/197, 17000
https://skeb.jp/@ginzake/works/44, 17000
https://skeb.jp/@ginzake/works/39, 17000
https://skeb.jp/@ginzake/works/37, 17000
https://skeb.jp/@Hagfish21/works/163, 17000
https://skeb.jp/@li04r/works/45, 17000
https://skeb.jp/@Lospa_mog/works/46, 17000
https://skeb.jp/@lts_KAKUYO/works/64, 17000
https://skeb.jp/@mk2hassyupapii/works/69, 17000
https://skeb.jp/@ninnindo_/works/310, 17000
https://skeb.jp/@null_illust/works/23, 17000
https://skeb.jp/@saneyaro112/works/73, 17000
https://skeb.jp/@TKS_rkgk/works/5, 17000
https://skeb.jp/@tooboe_huusuke/works/120, 17000
https://skeb.jp/@ugou/works/165, 17000
https://skeb.jp/@urekemo/works/166, 17000
https://skeb.jp/@YcsqqwMCUwRlkIr/works/60, 17000
https://skeb.jp/@YcsqqwMCUwRlkIr/works/53, 17000
https://skeb.jp/@ysk92908049/works/816, 17000
https://skeb.jp/@yukihoshiak/works/24, 17000
https://skeb.jp/@zv14587228/works/81, 17000
https://skeb.jp/@Z_G_M_F_X20A/works/11, 17000
https://skeb.jp/@ingi_r0303/works/109, 17500
https://skeb.jp/@0721Miko/works/84, 18000
https://skeb.jp/@0d00rkn0cker0/works/89, 18000
https://skeb.jp/@Acky05_Wolf/works/232, 18000
https://skeb.jp/@bone_Nig/works/98, 18000
https://skeb.jp/@gabutyon/works/100, 18000
https://skeb.jp/@harapekori24/works/10, 18000
https://skeb.jp/@high_high_c/works/87, 18000
https://skeb.jp/@high_high_c/works/83, 18000
https://skeb.jp/@high_high_c/works/82, 18000
https://skeb.jp/@high_high_c/works/69, 18000
https://skeb.jp/@melaton_tw/works/298, 18000
https://skeb.jp/@melaton_tw/works/290, 18000
https://skeb.jp/@melaton_tw/works/278, 18000
https://skeb.jp/@ruko220/works/103, 18000
https://skeb.jp/@sio_kakeruhito/works/128, 18000
https://skeb.jp/@siro_konata_/works/122, 18000
https://skeb.jp/@suurin_2/works/367, 18000
https://skeb.jp/@suurin_2/works/350, 18000
https://skeb.jp/@taishouteikoku1/works/11, 18000
https://skeb.jp/@Theta_k23/works/43, 18000
https://skeb.jp/@totonemigi/works/50, 18000
https://skeb.jp/@ukyo_rst/works/209, 18000
https://skeb.jp/@uro0000/works/22, 18000
https://skeb.jp/@uro0000/works/17, 18000
https://skeb.jp/@urute_/works/78, 18000
https://skeb.jp/@wolfox004/works/46, 18000
https://skeb.jp/@yumbocchi/works/1, 18000
https://skeb.jp/@yunoluria/works/41, 18000
https://skeb.jp/@jobalchan/works/24, 19000
https://skeb.jp/@jobalchan/works/23, 19000
https://skeb.jp/@jobalchan/works/20, 19000
https://skeb.jp/@jobalchan/works/16, 19000
https://skeb.jp/@jobalchan/works/9, 19000
https://skeb.jp/@kuji0419/works/65, 19000
https://skeb.jp/@pastamago/works/47, 19000
https://skeb.jp/@pastamago/works/39, 19000
https://skeb.jp/@u3g1n/works/217, 19000
https://skeb.jp/@55655mika/works/2, 20000
https://skeb.jp/@bakeneko38/works/28, 20000
https://skeb.jp/@biscuit___cake/works/35, 20000
https://skeb.jp/@choco_pai24/works/78, 20000
https://skeb.jp/@choco_pai24/works/60, 20000
https://skeb.jp/@cocco1192/works/83, 20000
https://skeb.jp/@cocco1192/works/80, 20000
https://skeb.jp/@cocco1192/works/73, 20000
https://skeb.jp/@dia_pee_poo/works/68, 20000
https://skeb.jp/@Flieger39207963/works/7, 20000
https://skeb.jp/@ganesagi/works/48, 20000
https://skeb.jp/@gaogao/works/26, 20000
https://skeb.jp/@gaogao/works/19, 20000
https://skeb.jp/@G_beize/works/27, 20000
https://skeb.jp/@hutoshi_19/works/59, 20000
https://skeb.jp/@iv4knight/works/240, 20000
https://skeb.jp/@KopeRyne/works/8, 20000
https://skeb.jp/@leonoristel/works/117, 20000
https://skeb.jp/@leonoristel/works/116, 20000
https://skeb.jp/@leonoristel/works/110, 20000
https://skeb.jp/@leonoristel/works/107, 20000
https://skeb.jp/@leonoristel/works/106, 20000
https://skeb.jp/@leonoristel/works/99, 20000
https://skeb.jp/@leonoristel/works/98, 20000
https://skeb.jp/@leonoristel/works/95, 20000
https://skeb.jp/@leonoristel/works/94, 20000
https://skeb.jp/@leonoristel/works/91, 20000
https://skeb.jp/@lupiacasiris/works/26, 20000
https://skeb.jp/@m00nmmm/works/29, 20000
https://skeb.jp/@m00nmmm/works/16, 20000
https://skeb.jp/@mizumarirui/works/36, 20000
https://skeb.jp/@mizumarirui/works/17, 20000
https://skeb.jp/@MoguriGegg/works/87, 20000
https://skeb.jp/@nukunuku0109/works/5, 20000
https://skeb.jp/@pure_ruu/works/254, 20000
https://skeb.jp/@rokurokugo11/works/30, 20000
https://skeb.jp/@sozoronabi/works/40, 20000
https://skeb.jp/@supermizukikun/works/95, 20000
https://skeb.jp/@takeyabu_kanbe/works/68, 20000
https://skeb.jp/@VA_JO/works/45, 20000
https://skeb.jp/@yasubaru0/works/178, 20000
https://skeb.jp/@Yu_Arami/works/19, 20000
https://skeb.jp/@zakro_zkzk25/works/433, 20000
https://skeb.jp/@ghha33/works/10, 21000
https://skeb.jp/@keityo99/works/26, 21000
https://skeb.jp/@keityo99/works/13, 21000
https://skeb.jp/@note_black0125/works/251, 21000
https://skeb.jp/@okaminiboshi/works/6, 21000
https://skeb.jp/@ebimomomo/works/121, 22000
https://skeb.jp/@hiiku0827/works/3, 22000
https://skeb.jp/@kawara_gawara/works/90, 22000
https://skeb.jp/@kikury_/works/87, 22000
https://skeb.jp/@kimeido/works/17, 22000
https://skeb.jp/@kuzugitsune/works/117, 22000
https://skeb.jp/@morisio0/works/75, 22000
https://skeb.jp/@dorito_ru/works/21, 23000
https://skeb.jp/@GIGM777/works/1, 23000
https://skeb.jp/@Neumokun/works/49, 23000
https://skeb.jp/@Neumokun/works/34, 23000
https://skeb.jp/@Ransu_33/works/31, 23000
https://skeb.jp/@Ransu_33/works/10, 23000
https://skeb.jp/@su_baru/works/74, 23000
https://skeb.jp/@ayaki_generatio/works/29, 24000
https://skeb.jp/@RAS33635191/works/89, 24000
https://skeb.jp/@RAS33635191/works/85, 24000
https://skeb.jp/@RAS33635191/works/82, 24000
https://skeb.jp/@RAS33635191/works/79, 24000
https://skeb.jp/@RAS33635191/works/78, 24000
https://skeb.jp/@RAS33635191/works/74, 24000
https://skeb.jp/@RAS33635191/works/72, 24000
https://skeb.jp/@RAS33635191/works/62, 24000
https://skeb.jp/@_bakuinu_/works/57, 24000
https://skeb.jp/@_bakuinu_/works/49, 24000
https://skeb.jp/@AN_Chobi94/works/91, 25000
https://skeb.jp/@chimidoroid/works/143, 25000
https://skeb.jp/@C_C_C_C_4/works/78, 25000
https://skeb.jp/@egao_sikorsky/works/273, 25000
https://skeb.jp/@Insect_3/works/32, 25000
https://skeb.jp/@liprico/works/42, 25000
https://skeb.jp/@loveil_lovee/works/18, 25000
https://skeb.jp/@memai/works/25, 25000
https://skeb.jp/@nonkazumi/works/25, 25000
https://skeb.jp/@nt_rum/works/3, 25000
https://skeb.jp/@oocolor/works/37, 25000
https://skeb.jp/@tyawantyawan356/works/29, 25000
https://skeb.jp/@XXakai_youXX/works/29, 25000
https://skeb.jp/@yurerugin/works/23, 25000
https://skeb.jp/@yurerugin/works/19, 25000
https://skeb.jp/@4dfTCTRUAicKkt8/works/28, 26000
https://skeb.jp/@4dfTCTRUAicKkt8/works/25, 26000
https://skeb.jp/@4dfTCTRUAicKkt8/works/23, 26000
https://skeb.jp/@souko8/works/20, 26000
https://skeb.jp/@kakusatou_3333/works/18, 27000
https://skeb.jp/@_neuni/works/28, 27000
https://skeb.jp/@julie_AMR/works/103, 28000
https://skeb.jp/@Chikasa_Koishi/works/18, 29000
https://skeb.jp/@Chikasa_Koishi/works/9, 29000
https://skeb.jp/@Chikasa_Koishi/works/6, 29000
https://skeb.jp/@Chikasa_Koishi/works/4, 29000
https://skeb.jp/@Chikasa_Koishi/works/2, 29000
https://skeb.jp/@Chikasa_Koishi/works/1, 29000
https://skeb.jp/@m_oduku/works/29, 29000
https://skeb.jp/@chiba_megumu/works/29, 30000
https://skeb.jp/@drcoonl/works/52, 30000
https://skeb.jp/@ermame26/works/314, 30000
https://skeb.jp/@ermame26/works/300, 30000
https://skeb.jp/@horokusa0519/works/51, 30000
https://skeb.jp/@horokusa0519/works/44, 30000
https://skeb.jp/@horokusa0519/works/39, 30000
https://skeb.jp/@kashii_i/works/3, 30000
https://skeb.jp/@k_imsk/works/4, 30000
https://skeb.jp/@mono_eye_OS/works/144, 30000
https://skeb.jp/@omataro9/works/136, 30000
https://skeb.jp/@puka_bgart/works/7, 30000
https://skeb.jp/@tatsuminoakira/works/20, 30000
https://skeb.jp/@tnsrk612/works/272, 30000
https://skeb.jp/@tounyuhiko/works/30, 30000
https://skeb.jp/@tousyoku/works/150, 30000
https://skeb.jp/@10__Plus/works/60, 31000
https://skeb.jp/@setani_/works/141, 33000
https://skeb.jp/@shishimi443/works/41, 33000
https://skeb.jp/@shishimi443/works/34, 33000
https://skeb.jp/@Lota_SAN/works/279, 35000
https://skeb.jp/@shiirulu0218/works/15, 35000
https://skeb.jp/@studiopokotan/works/76, 35000
https://skeb.jp/@tg_marlo/works/113, 36000
https://skeb.jp/@umino_hotate/works/53, 36000
https://skeb.jp/@HOOOOJICHA/works/1, 37000
https://skeb.jp/@Berull_ogr/works/20, 40000
https://skeb.jp/@himawari_himuka/works/37, 40000
https://skeb.jp/@shikoripa/works/324, 40000
https://skeb.jp/@shikoripa/works/322, 40000
https://skeb.jp/@shikoripa/works/295, 40000
https://skeb.jp/@zen2nanimosinai/works/6, 42000
https://skeb.jp/@yoshina0001/works/11, 43000
https://skeb.jp/@namagaki_ataru/works/46, 45000
https://skeb.jp/@KGM_Euphrasia/works/79, 49800
https://skeb.jp/@BAYACHAO/works/168, 50000
https://skeb.jp/@kunabishi/works/24, 71000
https://skeb.jp/@siosionagasu_/works/78, 75000
https://skeb.jp/@aruurara/works/98, 100000
https://skeb.jp/@aruurara/works/94, 100000
https://skeb.jp/@aruurara/works/88, 100000
https://skeb.jp/@aruurara/works/87, 100000
